,날짜,title,questions,answer,title_questions
6945,2021-09,전세사기를 당한것 같습니다..,"본인 전세 계약일자 : 3/25 (당시 건축주 A와 계약)잔금일 : 4/18확정일자 : 5/1 이구요.. (전입신고 도장은 건축주 A와 체결한 계약서 입니다)최초 건축주 a와 현재 임대인 b간에 매매계약 체결 : 1/25(저는 전세 계약당시 매매계약을 체결을 했다는 부분을 전혀 전달받지 못하였습니다)해당 매매계약 잔금일 : 4/18(저의 전세계약 잔금일과 동일한게 의심스러운 부분이 있습니다..) 지금 와서 임대인이 바뀐부분을 통보받았고 확인해보니 매매가=전세가인 깡통전세였습니다.. 짜고친 느낌인데.. Q. 제가 확정일자를 현재임대인 B가 아닌 건축주 A씨와 체결한 계약서로 받아놓은 상황인데요.. 확정일자를 찍은 일자가 5/1이고, 임대인이 바뀐시점이 그 이전인 4/18인데 문제가 되는 부분은 없는건가요?","안녕하세요​이전 임차계약도 매매계약으로 유지 가능 합니다.법적 효력도 있습니다.​다만, 리스크 한부분은 깡통 전세로다음 세입자 구하기도 어렵고, 대출등 문제시 전세금 회수가 어려울수 있습니다.​추가로 궁금하신 사항은 질문 주세요​","전세사기를 당한것 같습니다.._본인 전세 계약일자 : 3/25 (당시 건축주 A와 계약)잔금일 : 4/18확정일자 : 5/1 이구요.. (전입신고 도장은 건축주 A와 체결한 계약서 입니다)최초 건축주 a와 현재 임대인 b간에 매매계약 체결 : 1/25(저는 전세 계약당시 매매계약을 체결을 했다는 부분을 전혀 전달받지 못하였습니다)해당 매매계약 잔금일 : 4/18(저의 전세계약 잔금일과 동일한게 의심스러운 부분이 있습니다..) 지금 와서 임대인이 바뀐부분을 통보받았고 확인해보니 매매가=전세가인 깡통전세였습니다.. 짜고친 느낌인데.. Q. 제가 확정일자를 현재임대인 B가 아닌 건축주 A씨와 체결한 계약서로 받아놓은 상황인데요.. 확정일자를 찍은 일자가 5/1이고, 임대인이 바뀐시점이 그 이전인 4/18인데 문제가 되는 부분은 없는건가요?"
26814,2021-03,전세사기당한것같아요...ㅜㅜ,"제가2020년 8월 1일에다방이라는 핸드폰어플로?전세방을 알아보는데인천 서구 석남동에 있는?해경오루체라는 생활형숙박시설이라는 건물요수백가구가 살고 있는곳이였고 (주)해경건설이라는 건설사가 맡고있엇고분양사무실이 2층에 있엇어요일반 부동산이 아니고 분양사무실에서 계약한다고 하길래(속으론좀이상하게느꼇지만,들어갓음)제가 계약하려는 곳은 0000 호 엿고.. 매매가 1억~1억2천정도 엿다고 함(제가듣기로는)등기부등본에소유자는 지분 10/7 최xx , 지분 10/3 이xx? 이렇게 2명의임대인이 적혀있엇구,,바로밑에는?아시아신탁이라는것이 집합건축물대장에 올라와있엇어요토지공인중계사가 대출금은 3천이있다고 하엿음.. 그럼 양호한거라생각에?아무런의심없이계약을 하엿습니다.특약사항에3번, 위 임대부동산은 계약서 작성 당시 신탁으로 되어 있으며 임대인은 신탁 말소하고 일반 담보 대출로전환 한다. 4번, 분양용으로 계약을 체결하며 분양시 계약서를 재작성한다.이렇게 적혀 있습니다.그리고 전입신고 확정일자까지만 받아놓고 계속 그냥 생활함그후로 아무런 변경도 없이 연락없고 연락도?안되는 상황이되엇고.사회생활하다 무뎌지다보니 몇개월이 지난 지금,,,새마을금고에서 0000호 에 살고 계시는분이냐구(주)해경건설이 망햇다고 보증금을 못받을수도 있다는거에요임대인 이xx 씨도 피해자라면서 수십억을 피해봣다면서보증금을 줄수 없는 형편이라고 하더라구요..새마을금고 직원이 대출금이 8천정도라고 하면서경매에 넘어갈수도 있다고 하더라구요...알고 봣더니 2019년에 7천이상을 대출하고 한번을 갚은적이 없다고하더라구요만약 넘어간다면 전 한푼 못받고 집을 나가야된다고 하더라구요그러면서 저에게 집을 매매하는게 어떻겟냐구 물어보는데...문제는이대로 그냥 있으면 경매로 넘어가 제보증금은 4900은 없어질테고..매매를 한다면 지금시세가 지금 8000~1억정도라는데 (호수 마다 쪼금씩 틀림)보증금4900 + 새마을금고대출금(8000)정도를 제가?지불하면1억2천9백에 매매하는건데이거 어떻게 해야 하나요? 저는 대응할수있는 방법이 뭐가 있을까요?그리고 경매에 넘어가서 새마을금고 대출금으로 다 쓰고제 보증금만 4900이 날라가면소액임차인우선변제 이것라도 받을수 있는지..너무 답답하고 하루하루 버티기가 힘이 드네요꼭좀 답변부탁드립니다.. 일주일안에 결정해서 새마을금고 직원한테 말해줘야 한다네요ㅠ",안녕하세요.?힘겨운 시간이실거 같은데 제가 자세한 내용과 서류를 보고 말씀드릴게요.도움이 될 수 있었으면 좋겠네요.?아래 상품을 눌러서 쿠폰을 이용하시면 무료로 상담이 가능할겁니다.서류 보고 어떻게 해야 되는지 알려드릴게요.http://naver.me/xKQJDtRZ,"전세사기당한것같아요...ㅜㅜ_제가2020년 8월 1일에다방이라는 핸드폰어플로?전세방을 알아보는데인천 서구 석남동에 있는?해경오루체라는 생활형숙박시설이라는 건물요수백가구가 살고 있는곳이였고 (주)해경건설이라는 건설사가 맡고있엇고분양사무실이 2층에 있엇어요일반 부동산이 아니고 분양사무실에서 계약한다고 하길래(속으론좀이상하게느꼇지만,들어갓음)제가 계약하려는 곳은 0000 호 엿고.. 매매가 1억~1억2천정도 엿다고 함(제가듣기로는)등기부등본에소유자는 지분 10/7 최xx , 지분 10/3 이xx? 이렇게 2명의임대인이 적혀있엇구,,바로밑에는?아시아신탁이라는것이 집합건축물대장에 올라와있엇어요토지공인중계사가 대출금은 3천이있다고 하엿음.. 그럼 양호한거라생각에?아무런의심없이계약을 하엿습니다.특약사항에3번, 위 임대부동산은 계약서 작성 당시 신탁으로 되어 있으며 임대인은 신탁 말소하고 일반 담보 대출로전환 한다. 4번, 분양용으로 계약을 체결하며 분양시 계약서를 재작성한다.이렇게 적혀 있습니다.그리고 전입신고 확정일자까지만 받아놓고 계속 그냥 생활함그후로 아무런 변경도 없이 연락없고 연락도?안되는 상황이되엇고.사회생활하다 무뎌지다보니 몇개월이 지난 지금,,,새마을금고에서 0000호 에 살고 계시는분이냐구(주)해경건설이 망햇다고 보증금을 못받을수도 있다는거에요임대인 이xx 씨도 피해자라면서 수십억을 피해봣다면서보증금을 줄수 없는 형편이라고 하더라구요..새마을금고 직원이 대출금이 8천정도라고 하면서경매에 넘어갈수도 있다고 하더라구요...알고 봣더니 2019년에 7천이상을 대출하고 한번을 갚은적이 없다고하더라구요만약 넘어간다면 전 한푼 못받고 집을 나가야된다고 하더라구요그러면서 저에게 집을 매매하는게 어떻겟냐구 물어보는데...문제는이대로 그냥 있으면 경매로 넘어가 제보증금은 4900은 없어질테고..매매를 한다면 지금시세가 지금 8000~1억정도라는데 (호수 마다 쪼금씩 틀림)보증금4900 + 새마을금고대출금(8000)정도를 제가?지불하면1억2천9백에 매매하는건데이거 어떻게 해야 하나요? 저는 대응할수있는 방법이 뭐가 있을까요?그리고 경매에 넘어가서 새마을금고 대출금으로 다 쓰고제 보증금만 4900이 날라가면소액임차인우선변제 이것라도 받을수 있는지..너무 답답하고 하루하루 버티기가 힘이 드네요꼭좀 답변부탁드립니다.. 일주일안에 결정해서 새마을금고 직원한테 말해줘야 한다네요ㅠ"
32867,2021-09,전세사기를 당한 것 같아요 도와주세요,"안녕하세요 현재 신축빌라에 완공 후 첫 입주를 진행했습니다.2년이 되어 연장을 하고자 집주인에게 전화를 하였으나,집주인의 전화번호가 바뀌어 있고 건축물 대장에 기재되어있는 집에는2년전에 다른 사람이 입주하였다고 합니다.현재 연장을 하고자 은행이 이야기 했을땐 만기 이틀 전 정도에 확정이 난다고 합니다.이때 제가 할 수 있는 행동은 무엇인지 궁금합니다.정리하자면1. 전세를 들어 살고 있는데 만기 다 되어 집주인과 연락이 두절되었습니다.- 현재 보증보험 가입이 되어잇는 상태입니다.2. 만기일은 9월 29일이고 연락이 두절되엇다는걸 안 것은 9월 2~3일 입니다.3. 현재 연장을 원하는 상태이고 집을 알아본 곳은 따로 없습니다.전문가님들의 도움이 필요합니다.부탁드리겠습니다.",안녕하세요. 서울지방변호사회-네이버 지식iN 상담 변호사 정종욱 입니다.?부동산 전세사기 대처방법에 관해서는 아래 블로그 글 참고하시면 도움이 되실 것입니다. ?,"전세사기를 당한 것 같아요 도와주세요_안녕하세요 현재 신축빌라에 완공 후 첫 입주를 진행했습니다.2년이 되어 연장을 하고자 집주인에게 전화를 하였으나,집주인의 전화번호가 바뀌어 있고 건축물 대장에 기재되어있는 집에는2년전에 다른 사람이 입주하였다고 합니다.현재 연장을 하고자 은행이 이야기 했을땐 만기 이틀 전 정도에 확정이 난다고 합니다.이때 제가 할 수 있는 행동은 무엇인지 궁금합니다.정리하자면1. 전세를 들어 살고 있는데 만기 다 되어 집주인과 연락이 두절되었습니다.- 현재 보증보험 가입이 되어잇는 상태입니다.2. 만기일은 9월 29일이고 연락이 두절되엇다는걸 안 것은 9월 2~3일 입니다.3. 현재 연장을 원하는 상태이고 집을 알아본 곳은 따로 없습니다.전문가님들의 도움이 필요합니다.부탁드리겠습니다."
32897,2021-09,전세사기를 당한것 같아요,"제가 바보였습니다.신축 빌라(도시형생활주택)에 전세 2억1천4백만원에 입주했습니다.전세대출 1억7천만원, 제가 가지고 있는 돈 4천 4백만원입니다.전세가와 매매가가 동일했고 전세보증보험 드는 조건으로 입주했습니다.문제없이 지내다가 부동산등기부등본을 조회해봤는데 제가 입주하고 있는 집에 가압류와 압류가 들어와 있더라구요.그래서 집주인에게 연락을 해보았더니 번호를 바꿨더라구요?그래서 계약한 집주인 집주소로 등기를 보냈는데 반송이 되어 돌아왔습니다.저는 확정일자와 전입신고도 하였고, HUG 전세보증보험도 들었습니다.이런 경우 보증금은 받을 수 있을까요? ㅠㅠ만기는 22년 11월 입니다.아직 1년정도 남았어요.손이 떨리고 제가 20살부터 모은 돈들이라.. 지금 세상이 무너지는것만 같네요 ㅠㅠ추가로 현재 시세 조회해보니 매매는 2억2천, 전세는 1억7~8천정도 나오는 것 같아요. 주위 시세보다는 약간 싼편인것같구요. 도와주세요 제발!!",다행히 보증보험에 가입이 되었으므로피해가 발생하여도 보험으로 보상이 되는데요.?보상조건이100%인지은행 대출금에 한하는 지? 확인해보세요.?100%보장 조건이면 피해는 전혀 발생하지 않습니다.?임차인은대항요건인주택의 인도와 주민등록을 반드시 계속 유지하여야 하고요.대출이자도 성실히 납부하여야 합니다.??,"전세사기를 당한것 같아요_제가 바보였습니다.신축 빌라(도시형생활주택)에 전세 2억1천4백만원에 입주했습니다.전세대출 1억7천만원, 제가 가지고 있는 돈 4천 4백만원입니다.전세가와 매매가가 동일했고 전세보증보험 드는 조건으로 입주했습니다.문제없이 지내다가 부동산등기부등본을 조회해봤는데 제가 입주하고 있는 집에 가압류와 압류가 들어와 있더라구요.그래서 집주인에게 연락을 해보았더니 번호를 바꿨더라구요?그래서 계약한 집주인 집주소로 등기를 보냈는데 반송이 되어 돌아왔습니다.저는 확정일자와 전입신고도 하였고, HUG 전세보증보험도 들었습니다.이런 경우 보증금은 받을 수 있을까요? ㅠㅠ만기는 22년 11월 입니다.아직 1년정도 남았어요.손이 떨리고 제가 20살부터 모은 돈들이라.. 지금 세상이 무너지는것만 같네요 ㅠㅠ추가로 현재 시세 조회해보니 매매는 2억2천, 전세는 1억7~8천정도 나오는 것 같아요. 주위 시세보다는 약간 싼편인것같구요. 도와주세요 제발!!"
33107,2021-09,전세사기를 당한것 같습니다..,"본인 전세 계약일자 : 3/25 (당시 건축주 A와 계약)잔금일 : 4/18확정일자 : 5/1 이구요.. (전입신고 도장은 건축주 A와 체결한 계약서 입니다)최초 건축주 a와 현재 임대인 b간에 매매계약 체결 : 1/25(저는 전세 계약당시 매매계약을 체결을 했다는 부분을 전혀 전달받지 못하였습니다)해당 매매계약 잔금일 : 4/18(저의 전세계약 잔금일과 동일한게 의심스러운 부분이 있습니다..) 지금 와서 임대인이 바뀐부분을 통보받았고 확인해보니 매매가=전세가인 깡통전세였습니다.. 짜고친 느낌인데.. Q. 제가 확정일자를 현재임대인 B가 아닌 건축주 A씨와 체결한 계약서로 받아놓은 상황인데요.. 확정일자를 찍은 일자가 5/1이고, 임대인이 바뀐시점이 그 이전인 4/18인데 문제가 되는 부분은 없는건가요?","안녕하세요?이전 임차계약도 매매계약으로 유지 가능 합니다.법적 효력도 있습니다.?다만, 리스크 한부분은 깡통 전세로다음 세입자 구하기도 어렵고, 대출등 문제시 전세금 회수가 어려울수 있습니다.?추가로 궁금하신 사항은 질문 주세요?","전세사기를 당한것 같습니다.._본인 전세 계약일자 : 3/25 (당시 건축주 A와 계약)잔금일 : 4/18확정일자 : 5/1 이구요.. (전입신고 도장은 건축주 A와 체결한 계약서 입니다)최초 건축주 a와 현재 임대인 b간에 매매계약 체결 : 1/25(저는 전세 계약당시 매매계약을 체결을 했다는 부분을 전혀 전달받지 못하였습니다)해당 매매계약 잔금일 : 4/18(저의 전세계약 잔금일과 동일한게 의심스러운 부분이 있습니다..) 지금 와서 임대인이 바뀐부분을 통보받았고 확인해보니 매매가=전세가인 깡통전세였습니다.. 짜고친 느낌인데.. Q. 제가 확정일자를 현재임대인 B가 아닌 건축주 A씨와 체결한 계약서로 받아놓은 상황인데요.. 확정일자를 찍은 일자가 5/1이고, 임대인이 바뀐시점이 그 이전인 4/18인데 문제가 되는 부분은 없는건가요?"
37369,2022-02,전세사기를 당한것 같습니다. 도와주세요.,"전세계약이 처음이라 너무 무지했습니다 ㅠㅠ1월 8일(금) 전세방을 보러 화곡동 부동산에 방문해, 신축 오피스텔이라는 말에 혹해서 그 당일 가계약을 하였습니다전세가가 3.31억이였고, 전세가 5천정도를 할인(?)명목으로 5천에 대한 2년 이자를 5%로 계산하여 약 500만원을 현금으로 지원해준다는 이야기였습니다. 당시 등기부등본을 확인하였고 입주당일 근저당 말소 및 HUG 보증보험 가입불가시 계약취소 특약을 넣고 진행하였습니다.3.31억에 대하여 대출 80%를 받게되어 2.64억이 대출승인되었습니다. 제 유동자금은 계약시 1700만원 + 잔금날 5000만원 히서 총 0.67억이 들어갔습니다.2월 18일이 입주날이였고 입주날 건축사 측에서 건물주쪽으로 소유권이 이전되었다는 이야기를 듣고 부동산과 통화 후 별 의심없이 건물주에게 은행측에서 다이렉트로 이전하였습니다.계약이 모두 끝난 후 입주한 상태인데, 강서구에 전세사기가 많다는 이야기를듣고 검색하던와중에 저랑 같은 상황에서 피해를 입은사례를 많이보게되어서 이렇게 질문을 올립니다. ㅠㅠ저의 질문은 이렇습니다1. HUG 보증보험은 2~3개월쯤 뒤 심사가 완료되어서 보증서가 나온다고 하는데, 그동안에 행해질 수 있는 사기행각은 없나요?2. 확정일자는 2월 18일 이전에 대출을위하여 받아놓았고, 전입신고를 제가 시간이바빠 처리를 못하고 있다가 2월 23일에 전입신고를 하였습니다. 2월 18일에 건축주에서 건물주로 등기이전이 되었는데 이 5일간의 갭때문에 보증보험에서 추후 제 보증금을 보증하는데 문제가 생길까요?입주일로부터 약 1주일밖에 안된시점인데 뭔가 사기당한것같은 느낌이 강하게 듭니다. 이 상황에서 제가 할 수 있는 최선의 방책은 무엇일까요?",귀하의 질문내용에는 도대체가 사기내용이 아무것도 없는데 뭘 사기당했다는건지 알 수가 없네요.그렇게 불안한데 전입을 늦게 했다는 것도 이해가 안되네요. 요샌 전입신고도 인터넷으로 가능한데....어쨋거나 등기부등본을 당장 끊어보세요.  인터넷으로도 가능하니 밤중에라도~~2월 24일까지 무슨 이상이 있는지 살펴보세요.,"전세사기를 당한것 같습니다. 도와주세요._전세계약이 처음이라 너무 무지했습니다 ㅠㅠ1월 8일(금) 전세방을 보러 화곡동 부동산에 방문해, 신축 오피스텔이라는 말에 혹해서 그 당일 가계약을 하였습니다전세가가 3.31억이였고, 전세가 5천정도를 할인(?)명목으로 5천에 대한 2년 이자를 5%로 계산하여 약 500만원을 현금으로 지원해준다는 이야기였습니다. 당시 등기부등본을 확인하였고 입주당일 근저당 말소 및 HUG 보증보험 가입불가시 계약취소 특약을 넣고 진행하였습니다.3.31억에 대하여 대출 80%를 받게되어 2.64억이 대출승인되었습니다. 제 유동자금은 계약시 1700만원 + 잔금날 5000만원 히서 총 0.67억이 들어갔습니다.2월 18일이 입주날이였고 입주날 건축사 측에서 건물주쪽으로 소유권이 이전되었다는 이야기를 듣고 부동산과 통화 후 별 의심없이 건물주에게 은행측에서 다이렉트로 이전하였습니다.계약이 모두 끝난 후 입주한 상태인데, 강서구에 전세사기가 많다는 이야기를듣고 검색하던와중에 저랑 같은 상황에서 피해를 입은사례를 많이보게되어서 이렇게 질문을 올립니다. ㅠㅠ저의 질문은 이렇습니다1. HUG 보증보험은 2~3개월쯤 뒤 심사가 완료되어서 보증서가 나온다고 하는데, 그동안에 행해질 수 있는 사기행각은 없나요?2. 확정일자는 2월 18일 이전에 대출을위하여 받아놓았고, 전입신고를 제가 시간이바빠 처리를 못하고 있다가 2월 23일에 전입신고를 하였습니다. 2월 18일에 건축주에서 건물주로 등기이전이 되었는데 이 5일간의 갭때문에 보증보험에서 추후 제 보증금을 보증하는데 문제가 생길까요?입주일로부터 약 1주일밖에 안된시점인데 뭔가 사기당한것같은 느낌이 강하게 듭니다. 이 상황에서 제가 할 수 있는 최선의 방책은 무엇일까요?"
41500,2022-08,전세사기를 당한 것 같아요 도와주세요,"안녕하세요. 저희 엄마가 전세사기를 당한 것 같아 도움을 구하고자 글을 작성합니다. 우선 저희 집은 1억 5천이고 LH 대출 9천, 본인 6천으로 계약하였습니다. LH 측에서 계약 당시 확정일자는 받지 않아도 된다고 하여 받지 않았습니다. 18년도에 이사를 왔고 일주일 전 우연히 집주인이 신용불량자라는 사실을 알게되어 서류를 떼어보니 압류가 이미 몇차례 되어있었습니다. 집주인은 주택도시보증공사에 16억이라는 빚이 있는 상태이며 연락 또한 받지 않고 있습니다. 이런 경우 도대체 어디서부터 어떻게 알아가고 해결을 해야 할지 막막하기만 합니다. 제발 도와주세요 ..","안녕하세요. 저희 엄마가 전세사기를 당한 것 같아 도움을 구하고자 글을 작성합니다. 우선 저희 집은 1억 5천이고 LH 대출 9천, 본인 6천으로 계약하였습니다. LH 측에서 계약 당시 확정일자는 받지 않아도 된다고 하여 받지 않았습니다. 18년도에 이사를 왔고 일주일 전 우연히 집주인이 신용불량자라는 사실을 알게되어 서류를 떼어보니 압류가 이미 몇차례 되어있었습니다. 집주인은 주택도시보증공사에 16억이라는 빚이 있는 상태이며 연락 또한 받지 않고 있습니다.?---> 님 께서 2018년도에 이사를 와서 전입신고를 하고 살고 있다면 님은 대항력을 가진 전차인일 것이므로별로 걱정을 하실 필요가 없겠지요,그 주택이 전세임대라면 임차인은 LH가 되는 것이고, 님은 전차인이 되는 것이므로 그래서 굳이 확정일자를 받지 말라고 했을 것이므로, 임차인이 LH 라는 것과 님은 그런 압류 이전에입주를 하여 전입신고를 했다면 대항력이 있으므로 그 보증금 전액을 보호 받을 수가 잇다는 것이지요.","전세사기를 당한 것 같아요 도와주세요_안녕하세요. 저희 엄마가 전세사기를 당한 것 같아 도움을 구하고자 글을 작성합니다. 우선 저희 집은 1억 5천이고 LH 대출 9천, 본인 6천으로 계약하였습니다. LH 측에서 계약 당시 확정일자는 받지 않아도 된다고 하여 받지 않았습니다. 18년도에 이사를 왔고 일주일 전 우연히 집주인이 신용불량자라는 사실을 알게되어 서류를 떼어보니 압류가 이미 몇차례 되어있었습니다. 집주인은 주택도시보증공사에 16억이라는 빚이 있는 상태이며 연락 또한 받지 않고 있습니다. 이런 경우 도대체 어디서부터 어떻게 알아가고 해결을 해야 할지 막막하기만 합니다. 제발 도와주세요 .."
42062,2022-09,전세사기를 당할것같아요 도와주세요,"안녕하세요? 전세사기를 당할예정? 인것같아서 문의드립니다.?내일 현재집주인과 일단 만나기로 했는데 어떻게 대처를 해야할까요..ㅜㅜ제가 살고있는곳은 서울이고 신축빌라 전세분양해서 들어왔습니다.그동안의 일들을 타임라인으로 구성해보자면,2021년 2월8일 A집주인과 전세계약서 작성 후 동사무소에가서 확정일자 받음.2021년 3월5일 전세계약일자에 맞춰 이사 후 전입신고 완료.2021년 3월 말쯤 집주인이 바뀌었다며 B집주인과의 새 계약서를 받음2021년 6월 중순 B집주인이 신청한 전세보증금반환보험 가입증서 등기로 받음.이 이후 보증보험도 가입됐고 해서 별문제없이 살았음2022년 6월 중순 보증보험 가입기간 만료됨. (전세는 2년인데 왜 1년짜릴 들었는지는 모름..)집주인이 다시 보증보험 재계약을 하겠지 싶어 냅뒀는데 말이없어서 8월에 연락해봄2022년 8월중순경 B집주인쪽에서 보증보험은 가입하겠는데 사정이 있으니 조금만 기다려달라함.그러면서 혹시 정아무개를 아냐며 다짜고짜물어봄. 이사람이 잠수를탔네어쩌네 이런얘길 갑자기 함;;이때 느낌이 쎄해서 등기부등본을 떼어봤는데 2021년 6월말쯤으로 근저당이 잡혀있었음(가처분이나 가압류는 아님)2022년 9월 5일 안되겠다싶어서 허그에 알아보니 임차인이 보증보험연장을 할수있다하여?지사방문해서 연장신청은 해둔상태(이전에 가입이력이 있기 때문에 별문제없이 연장될거라고는 했으나 심사기간 1~2달 소요될 수 있다고함)2022년 9월 6일 집으로 내용증명서가 날아옴..^^............................내용인즉슨 B집주인 본인은 정아무개가 꼬셔서 서울에 신축빌라를 산건데, 이 정아무개가 B집주인의 명의를 도용하여 김아무개에게 집을 담보로 돈을 빌려갔다는것. 근데 그 정아무개가 돈을 빌린 후 잠수를 탔다는것... 저에게 너무나도 죄송하다는 내용의 글이었음ㅎ ㅏ....2022년 9월 7일 B집주인이 저희집근처로 올테니 만나서 얘기좀 하자고 하네요일단 지금 집을 팔게되면 판 돈으로 저희 전세금을 돌려주고 B집주인과 김아무개랑 나머지 일을 풀어보겠으니 전세금걱정은 절대안해도된다. 일단 저희가 전입일자랑 확정일자가 먼저있어서 1순위니까 걱정말라. 서울은 그거 보호해주는 법도 있다더라 ..등등 내일도 만나서 이런얘기할거같은데여기서 질문드립니다?저는 여기서 내일 B집주인을 만나면 어떻게해야할까요..?효력이 있을지는 모르겠지만 녹음도 일단 할거고요B집주인이 이 집을 팔았다한들 전세금을 100%저한테 준다는 보장도없고(여튼 본인도 사기를 당한거긴하지만 정아무개가 빌린 돈을 김아무개에게 갚긴해야하니까)무슨 각서?같은거라도 받아놔야할까요ㅜㅜㅜㅜㅜ?걱정되는건 어쨌든 집을 팔든 전세를 내놓든해서?돈이 생기면 저를 안주고 김아무개에게 갚아버릴까봐...그게젤걱정이네요?저는 전세만기날짜에맞춰 꼭 이사를 가야하는 상황이라서요..ㅜㅜㅜㅜㅜㅜㅜㅜㅜ 어쩌죠증말","질문자님 안녕하세요행정사 천용필( 상담 010.9004.8576.,업무 전문상담 분야, 생활법률, 고민, 모든 보험가입 등)을 상담가능합니다.?질문자님 전화주시면 자세히 상담해 드리겠습니다.","전세사기를 당할것같아요 도와주세요_안녕하세요? 전세사기를 당할예정? 인것같아서 문의드립니다.?내일 현재집주인과 일단 만나기로 했는데 어떻게 대처를 해야할까요..ㅜㅜ제가 살고있는곳은 서울이고 신축빌라 전세분양해서 들어왔습니다.그동안의 일들을 타임라인으로 구성해보자면,2021년 2월8일 A집주인과 전세계약서 작성 후 동사무소에가서 확정일자 받음.2021년 3월5일 전세계약일자에 맞춰 이사 후 전입신고 완료.2021년 3월 말쯤 집주인이 바뀌었다며 B집주인과의 새 계약서를 받음2021년 6월 중순 B집주인이 신청한 전세보증금반환보험 가입증서 등기로 받음.이 이후 보증보험도 가입됐고 해서 별문제없이 살았음2022년 6월 중순 보증보험 가입기간 만료됨. (전세는 2년인데 왜 1년짜릴 들었는지는 모름..)집주인이 다시 보증보험 재계약을 하겠지 싶어 냅뒀는데 말이없어서 8월에 연락해봄2022년 8월중순경 B집주인쪽에서 보증보험은 가입하겠는데 사정이 있으니 조금만 기다려달라함.그러면서 혹시 정아무개를 아냐며 다짜고짜물어봄. 이사람이 잠수를탔네어쩌네 이런얘길 갑자기 함;;이때 느낌이 쎄해서 등기부등본을 떼어봤는데 2021년 6월말쯤으로 근저당이 잡혀있었음(가처분이나 가압류는 아님)2022년 9월 5일 안되겠다싶어서 허그에 알아보니 임차인이 보증보험연장을 할수있다하여?지사방문해서 연장신청은 해둔상태(이전에 가입이력이 있기 때문에 별문제없이 연장될거라고는 했으나 심사기간 1~2달 소요될 수 있다고함)2022년 9월 6일 집으로 내용증명서가 날아옴..^^............................내용인즉슨 B집주인 본인은 정아무개가 꼬셔서 서울에 신축빌라를 산건데, 이 정아무개가 B집주인의 명의를 도용하여 김아무개에게 집을 담보로 돈을 빌려갔다는것. 근데 그 정아무개가 돈을 빌린 후 잠수를 탔다는것... 저에게 너무나도 죄송하다는 내용의 글이었음ㅎ ㅏ....2022년 9월 7일 B집주인이 저희집근처로 올테니 만나서 얘기좀 하자고 하네요일단 지금 집을 팔게되면 판 돈으로 저희 전세금을 돌려주고 B집주인과 김아무개랑 나머지 일을 풀어보겠으니 전세금걱정은 절대안해도된다. 일단 저희가 전입일자랑 확정일자가 먼저있어서 1순위니까 걱정말라. 서울은 그거 보호해주는 법도 있다더라 ..등등 내일도 만나서 이런얘기할거같은데여기서 질문드립니다?저는 여기서 내일 B집주인을 만나면 어떻게해야할까요..?효력이 있을지는 모르겠지만 녹음도 일단 할거고요B집주인이 이 집을 팔았다한들 전세금을 100%저한테 준다는 보장도없고(여튼 본인도 사기를 당한거긴하지만 정아무개가 빌린 돈을 김아무개에게 갚긴해야하니까)무슨 각서?같은거라도 받아놔야할까요ㅜㅜㅜㅜㅜ?걱정되는건 어쨌든 집을 팔든 전세를 내놓든해서?돈이 생기면 저를 안주고 김아무개에게 갚아버릴까봐...그게젤걱정이네요?저는 전세만기날짜에맞춰 꼭 이사를 가야하는 상황이라서요..ㅜㅜㅜㅜㅜㅜㅜㅜㅜ 어쩌죠증말"
26001,2021-02,사기 당한것같은데요,"저는 삼성역 아파트 앞에 삽니다.집앞에는 김밥집이 있고요 집앞에 편의점도 있어요 동생이 10년전부터 금전을 요구하며 협박을 합니다?집앞을 지나다 행인이 묻지마 폭행을 했습니다.폭행후에 고소하니까 1달 지나서검사실이라면서 연락이 오더군요 보통 삼자대면하거나 조서를 작성하잖아요 근데 과정 없이검사실에서 문자가 온 뒤 합의를 해야한다면서요 근데 그쪽은 합의금 한푼 없이 나왔어요합의금 한푼도 안받고 다시는 폭행을 안하겠(?)다고 하더군요.가해자와 초면인데,,다시는 안팬다는,,합의서를 쓰는게,,아 이거 사기구나 싶었죠.동생이 고용한,채권 추심 사기인걸 알고 신분증을 가져오라고 하더군요.속는셈 치고 구ㅡ냥 신분증 내고 싸인해줬습니다.근데 동생은 그이후에도 계속 협박하고 집앞에서 뺑소니 까지 하고 갔고,동생은 제 집을 자기명의로 도둑질하고 지금은 해외로 도망을 간 상태입니다.다행히 전세라서,,보증금만 뺏길거같은데,,달라는 돈을 안줘서 폭행 협박 사기까지 동원한것이 아닌가 싶고요얼마전에 연락와서 인감도장과 신분증을 요구하며 인감도장을 자기에게 넘기라고 하더군요 안하면 폭행사주를 하겠다고 협박을 합니다.동생 고소 가능합니까",위 경우 가능합니다법적으로 현재 가족으로 되어 있나요,"사기 당한것같은데요_저는 삼성역 아파트 앞에 삽니다.집앞에는 김밥집이 있고요 집앞에 편의점도 있어요 동생이 10년전부터 금전을 요구하며 협박을 합니다?집앞을 지나다 행인이 묻지마 폭행을 했습니다.폭행후에 고소하니까 1달 지나서검사실이라면서 연락이 오더군요 보통 삼자대면하거나 조서를 작성하잖아요 근데 과정 없이검사실에서 문자가 온 뒤 합의를 해야한다면서요 근데 그쪽은 합의금 한푼 없이 나왔어요합의금 한푼도 안받고 다시는 폭행을 안하겠(?)다고 하더군요.가해자와 초면인데,,다시는 안팬다는,,합의서를 쓰는게,,아 이거 사기구나 싶었죠.동생이 고용한,채권 추심 사기인걸 알고 신분증을 가져오라고 하더군요.속는셈 치고 구ㅡ냥 신분증 내고 싸인해줬습니다.근데 동생은 그이후에도 계속 협박하고 집앞에서 뺑소니 까지 하고 갔고,동생은 제 집을 자기명의로 도둑질하고 지금은 해외로 도망을 간 상태입니다.다행히 전세라서,,보증금만 뺏길거같은데,,달라는 돈을 안줘서 폭행 협박 사기까지 동원한것이 아닌가 싶고요얼마전에 연락와서 인감도장과 신분증을 요구하며 인감도장을 자기에게 넘기라고 하더군요 안하면 폭행사주를 하겠다고 협박을 합니다.동생 고소 가능합니까"
35698,2021-11,대출사기 당한것같은데요,대출사기를 당한것같습니다돈이 너무급한상황에서 대출을 알아보던중한곳이가능하다해서 연락을하고 진행하였는데비용이 자꾸추가되고 추가되고하다보니 800정도가 나간상황이되었습니다 마지막이다 진짜마지막이다 하다보니 그렇게되버렸네요이체내역도 가지고있고 통화녹음도 되어있고휴대폰번호4개까지는 알고잇는데 이름은 모르는상황입니다신고하면 잡힐수있을까요..?제가 보낸돈은 다시 다 받을수있는걸까요..,네이버 지식in에서 열심히 활동하는『행복주는 대출 상담사』입니다. <<소중한 정보를 모두 읽어보고 솔직하며 정확한 답변드립니다>> =>>바로 은행과 경찰서에 보이시 피싱을 신고하면 되는데 돈이  ?인출되었으면 돌려 받을 가능성은 낮습니다. ★답변에 도움 되셨으면 답변 채택 부탁드리며 더 궁금한건 1-1 질문을 해주시거나 아이디를 클릭하면 상담신청이 가능하니 참고하시고 좋은 결과를 기원합니다. ★대출은 금융사나 정식 등록된 대출 상담사에게 신청해야 편리하고  안전하게 받을수가 있습니다. 항상 행복하시고 좋은 하루 보내세요.^^*. <<과도한 대출은 고통의 시작입니다.>>?https://kin.naver.com/profile/pkh500,대출사기 당한것같은데요_대출사기를 당한것같습니다돈이 너무급한상황에서 대출을 알아보던중한곳이가능하다해서 연락을하고 진행하였는데비용이 자꾸추가되고 추가되고하다보니 800정도가 나간상황이되었습니다 마지막이다 진짜마지막이다 하다보니 그렇게되버렸네요이체내역도 가지고있고 통화녹음도 되어있고휴대폰번호4개까지는 알고잇는데 이름은 모르는상황입니다신고하면 잡힐수있을까요..?제가 보낸돈은 다시 다 받을수있는걸까요..
7729,2021-12,부동산 사기인것같습니다. 도와주세요,올 10월5일 입주하였습니다. 계약은 7월에 하여 계약금 지급후 바로 확정일자는 받았습니다. 전세금은 3억1천만원인데 근저당말소 조건으로 들어갔고 처음에 보증보험 가입 가능 조건으로 중개사와 이야기하고 입주 하게 되었는데 입주일이 임박하자 보증보험이 100프로가 되지 않는다고 하나은행 을 끼고 서울보증 80프로가 된다며 그렇게 돌려서 진행을 하였는데 계약전에 대출이 다 안나온다고 1700만원을 더 준비하라고 중개인이 말을해서 어렵게 마련하여서 진행을 하긴 하였는데 제가 보증 보험이 100프로 가입이 안되니 깡통전세같아서 계약 해지 요청을 하니 대출이 안나오는것도 아니고 대출이 되니 위약금을 내라 해서 어쩔 수 없이 계약을 하게 되었습니다 그렇게 찜찜하게 이사와서 혹시 몰라서 조회를 해보니 집주인은 전라도에있는 축산 법인으로 넘어가 있고 전세금이 3억1천에 들어 왔는데 집을 3억1천에 구입 후 근저당도 3억을 받은 상태입니다 이럴 경우 깡통전세 사기가 맞는거 같은데 처음 계약금이 제겐 너무 큰돈이라 포기 하지 못하고 울며겨자 먹기로 진행을 했는데 어찌 해야될가요 저한테 집주인이 변경 되는걸 알려 줘야 하는거 아닌가요?,"전세금이 3억1천에 들어 왔는데 집을 3억1천에 구입 후 근저당도 3억을 받은 상태입니다 이럴 경우 깡통전세 사기가 맞는거 같은데 처음 계약금이 제겐 너무 큰돈이라 포기 하지 못하고 울며겨자 먹기로 진행을 했는데 어찌 해야될가요 저한테 집주인이 변경 되는걸 알려 줘야 하는거 아닌가요?​---> 깡통전세가 맞겠지요, 우리는 전세가가 시세의 90%를 넘어 가면 깡통주택이라고들 하지요, 다만 그런주택이 서울, 수도권에는 많다는 것이지요,다만 그 깡통주택에 관해서 님의 전입신고+확정일자 보다 후순위인 저당권설정 건은 신경을 안 써도 되겠지요, 선순위권자인 님에게는 아무런 의미가 없는 권리이니까요.",부동산 사기인것같습니다. 도와주세요_올 10월5일 입주하였습니다. 계약은 7월에 하여 계약금 지급후 바로 확정일자는 받았습니다. 전세금은 3억1천만원인데 근저당말소 조건으로 들어갔고 처음에 보증보험 가입 가능 조건으로 중개사와 이야기하고 입주 하게 되었는데 입주일이 임박하자 보증보험이 100프로가 되지 않는다고 하나은행 을 끼고 서울보증 80프로가 된다며 그렇게 돌려서 진행을 하였는데 계약전에 대출이 다 안나온다고 1700만원을 더 준비하라고 중개인이 말을해서 어렵게 마련하여서 진행을 하긴 하였는데 제가 보증 보험이 100프로 가입이 안되니 깡통전세같아서 계약 해지 요청을 하니 대출이 안나오는것도 아니고 대출이 되니 위약금을 내라 해서 어쩔 수 없이 계약을 하게 되었습니다 그렇게 찜찜하게 이사와서 혹시 몰라서 조회를 해보니 집주인은 전라도에있는 축산 법인으로 넘어가 있고 전세금이 3억1천에 들어 왔는데 집을 3억1천에 구입 후 근저당도 3억을 받은 상태입니다 이럴 경우 깡통전세 사기가 맞는거 같은데 처음 계약금이 제겐 너무 큰돈이라 포기 하지 못하고 울며겨자 먹기로 진행을 했는데 어찌 해야될가요 저한테 집주인이 변경 되는걸 알려 줘야 하는거 아닌가요?
7730,2021-12,부동산 사기인것같습니다. 도와주세요,올 10월5일 입주하였습니다. 계약은 7월에 하여 계약금 지급후 바로 확정일자는 받았습니다. 전세금은 3억1천만원인데 근저당말소 조건으로 들어갔고 처음에 보증보험 가입 가능 조건으로 중개사와 이야기하고 입주 하게 되었는데 입주일이 임박하자 보증보험이 100프로가 되지 않는다고 하나은행 을 끼고 서울보증 80프로가 된다며 그렇게 돌려서 진행을 하였는데 계약전에 대출이 다 안나온다고 1700만원을 더 준비하라고 중개인이 말을해서 어렵게 마련하여서 진행을 하긴 하였는데 제가 보증 보험이 100프로 가입이 안되니 깡통전세같아서 계약 해지 요청을 하니 대출이 안나오는것도 아니고 대출이 되니 위약금을 내라 해서 어쩔 수 없이 계약을 하게 되었습니다 그렇게 찜찜하게 이사와서 혹시 몰라서 조회를 해보니 집주인은 전라도에있는 축산 법인으로 넘어가 있고 전세금이 3억1천에 들어 왔는데 집을 3억1천에 구입 후 근저당도 3억을 받은 상태입니다 이럴 경우 깡통전세 사기가 맞는거 같은데 처음 계약금이 제겐 너무 큰돈이라 포기 하지 못하고 울며겨자 먹기로 진행을 했는데 어찌 해야될가요 저한테 집주인이 변경 되는걸 알려 줘야 하는거 아닌가요?,"전세가와 매매가가 비슷하거나 같고 근저당도 있다면 깡통전세인듯합니다. 혹시 근저당이 말소되지 않았다면 근저당을 말소해달라고 요구하시기 바랍니다. 그리고 매매를 할 경우 법적인 의무는 아니지만 도의적으로 임차인에게 알려주어야 합니다. 하지만 아무런 통보없이 매매했다고 법적으로 어떤 책임을 지지는 않습니다. 다만, 위와 같이 개인이 아닌 조합이나 회사가 소유하는 경우 연락이 잘 안되거나 일처리를 굉장히 딱딱하게 처리하는 경우가 많습니다. 미리 부동산을 통하여 임대인 연락처 등을 확보해두시기바랍니다.",부동산 사기인것같습니다. 도와주세요_올 10월5일 입주하였습니다. 계약은 7월에 하여 계약금 지급후 바로 확정일자는 받았습니다. 전세금은 3억1천만원인데 근저당말소 조건으로 들어갔고 처음에 보증보험 가입 가능 조건으로 중개사와 이야기하고 입주 하게 되었는데 입주일이 임박하자 보증보험이 100프로가 되지 않는다고 하나은행 을 끼고 서울보증 80프로가 된다며 그렇게 돌려서 진행을 하였는데 계약전에 대출이 다 안나온다고 1700만원을 더 준비하라고 중개인이 말을해서 어렵게 마련하여서 진행을 하긴 하였는데 제가 보증 보험이 100프로 가입이 안되니 깡통전세같아서 계약 해지 요청을 하니 대출이 안나오는것도 아니고 대출이 되니 위약금을 내라 해서 어쩔 수 없이 계약을 하게 되었습니다 그렇게 찜찜하게 이사와서 혹시 몰라서 조회를 해보니 집주인은 전라도에있는 축산 법인으로 넘어가 있고 전세금이 3억1천에 들어 왔는데 집을 3억1천에 구입 후 근저당도 3억을 받은 상태입니다 이럴 경우 깡통전세 사기가 맞는거 같은데 처음 계약금이 제겐 너무 큰돈이라 포기 하지 못하고 울며겨자 먹기로 진행을 했는데 어찌 해야될가요 저한테 집주인이 변경 되는걸 알려 줘야 하는거 아닌가요?
7731,2021-12,부동산 사기인것같습니다. 도와주세요,올 10월5일 입주하였습니다. 계약은 7월에 하여 계약금 지급후 바로 확정일자는 받았습니다. 전세금은 3억1천만원인데 근저당말소 조건으로 들어갔고 처음에 보증보험 가입 가능 조건으로 중개사와 이야기하고 입주 하게 되었는데 입주일이 임박하자 보증보험이 100프로가 되지 않는다고 하나은행 을 끼고 서울보증 80프로가 된다며 그렇게 돌려서 진행을 하였는데 계약전에 대출이 다 안나온다고 1700만원을 더 준비하라고 중개인이 말을해서 어렵게 마련하여서 진행을 하긴 하였는데 제가 보증 보험이 100프로 가입이 안되니 깡통전세같아서 계약 해지 요청을 하니 대출이 안나오는것도 아니고 대출이 되니 위약금을 내라 해서 어쩔 수 없이 계약을 하게 되었습니다 그렇게 찜찜하게 이사와서 혹시 몰라서 조회를 해보니 집주인은 전라도에있는 축산 법인으로 넘어가 있고 전세금이 3억1천에 들어 왔는데 집을 3억1천에 구입 후 근저당도 3억을 받은 상태입니다 이럴 경우 깡통전세 사기가 맞는거 같은데 처음 계약금이 제겐 너무 큰돈이라 포기 하지 못하고 울며겨자 먹기로 진행을 했는데 어찌 해야될가요 저한테 집주인이 변경 되는걸 알려 줘야 하는거 아닌가요?,임대인이 바뀔 경우 임대인에게사실을 알려주어야 합니다.,부동산 사기인것같습니다. 도와주세요_올 10월5일 입주하였습니다. 계약은 7월에 하여 계약금 지급후 바로 확정일자는 받았습니다. 전세금은 3억1천만원인데 근저당말소 조건으로 들어갔고 처음에 보증보험 가입 가능 조건으로 중개사와 이야기하고 입주 하게 되었는데 입주일이 임박하자 보증보험이 100프로가 되지 않는다고 하나은행 을 끼고 서울보증 80프로가 된다며 그렇게 돌려서 진행을 하였는데 계약전에 대출이 다 안나온다고 1700만원을 더 준비하라고 중개인이 말을해서 어렵게 마련하여서 진행을 하긴 하였는데 제가 보증 보험이 100프로 가입이 안되니 깡통전세같아서 계약 해지 요청을 하니 대출이 안나오는것도 아니고 대출이 되니 위약금을 내라 해서 어쩔 수 없이 계약을 하게 되었습니다 그렇게 찜찜하게 이사와서 혹시 몰라서 조회를 해보니 집주인은 전라도에있는 축산 법인으로 넘어가 있고 전세금이 3억1천에 들어 왔는데 집을 3억1천에 구입 후 근저당도 3억을 받은 상태입니다 이럴 경우 깡통전세 사기가 맞는거 같은데 처음 계약금이 제겐 너무 큰돈이라 포기 하지 못하고 울며겨자 먹기로 진행을 했는데 어찌 해야될가요 저한테 집주인이 변경 되는걸 알려 줘야 하는거 아닌가요?
25796,2021-02,부동산 사기당한 것 같아요..도와주세요,전세로 집을 계약했습니다 집어플에서 만난 사람이기에 당연히 공인중개사인줄 알았고요.. 서면작성한 서류는 없이 문자를 보내드릴테니 계약금의 일부를 넣고 동의합니다 라고 답장을 하라고 해서 답장을 했습니다 그리고 서면으로 위임장을 작성하라해서 작성을 했어요 저만 작성하고 그분은 본인은 나중에 작성한답니다..그러고 알아보니 그분은 중개사가 아니였고 너무 찜찜해서 이틀뒤에 그냥 계약을 하지 않겠다고 말씀드리니 예약금 백만원뿐만 아니라 계약하기로 한 2천이상의 돈을 지급하랍니다 그게 싫으면 계약을 하러 오래요 계약서 쓰기로 한 날에 안오면 집주인이 고소를 한다는데 제가 고소당할 사유가 마땅한가요..? 집주인번호는 주말이라고 통화하기싫다면서 계약할때 와서 이야기를 나누래요 저는 집주인도 중개사도 본적도 없고 자필서명은 계약할때 유리하게 해준다 등등 이런 조건만 적혀있는 위임장에만 했습니다ㅠㅠ 도와주세요,오히려 님이 경찰에 신고 하세요 ~~사기일 가능성이 높습니다,부동산 사기당한 것 같아요..도와주세요_전세로 집을 계약했습니다 집어플에서 만난 사람이기에 당연히 공인중개사인줄 알았고요.. 서면작성한 서류는 없이 문자를 보내드릴테니 계약금의 일부를 넣고 동의합니다 라고 답장을 하라고 해서 답장을 했습니다 그리고 서면으로 위임장을 작성하라해서 작성을 했어요 저만 작성하고 그분은 본인은 나중에 작성한답니다..그러고 알아보니 그분은 중개사가 아니였고 너무 찜찜해서 이틀뒤에 그냥 계약을 하지 않겠다고 말씀드리니 예약금 백만원뿐만 아니라 계약하기로 한 2천이상의 돈을 지급하랍니다 그게 싫으면 계약을 하러 오래요 계약서 쓰기로 한 날에 안오면 집주인이 고소를 한다는데 제가 고소당할 사유가 마땅한가요..? 집주인번호는 주말이라고 통화하기싫다면서 계약할때 와서 이야기를 나누래요 저는 집주인도 중개사도 본적도 없고 자필서명은 계약할때 유리하게 해준다 등등 이런 조건만 적혀있는 위임장에만 했습니다ㅠㅠ 도와주세요
35909,2021-12,부동산 사기인것같습니다. 도와주세요,올 10월5일 입주하였습니다. 계약은 7월에 하여 계약금 지급후 바로 확정일자는 받았습니다. 전세금은 3억1천만원인데 근저당말소 조건으로 들어갔고 처음에 보증보험 가입 가능 조건으로 중개사와 이야기하고 입주 하게 되었는데 입주일이 임박하자 보증보험이 100프로가 되지 않는다고 하나은행 을 끼고 서울보증 80프로가 된다며 그렇게 돌려서 진행을 하였는데 계약전에 대출이 다 안나온다고 1700만원을 더 준비하라고 중개인이 말을해서 어렵게 마련하여서 진행을 하긴 하였는데 제가 보증 보험이 100프로 가입이 안되니 깡통전세같아서 계약 해지 요청을 하니 대출이 안나오는것도 아니고 대출이 되니 위약금을 내라 해서 어쩔 수 없이 계약을 하게 되었습니다 그렇게 찜찜하게 이사와서 혹시 몰라서 조회를 해보니 집주인은 전라도에있는 축산 법인으로 넘어가 있고 전세금이 3억1천에 들어 왔는데 집을 3억1천에 구입 후 근저당도 3억을 받은 상태입니다 이럴 경우 깡통전세 사기가 맞는거 같은데 처음 계약금이 제겐 너무 큰돈이라 포기 하지 못하고 울며겨자 먹기로 진행을 했는데 어찌 해야될가요 저한테 집주인이 변경 되는걸 알려 줘야 하는거 아닌가요?,"전세금이 3억1천에 들어 왔는데 집을 3억1천에 구입 후 근저당도 3억을 받은 상태입니다 이럴 경우 깡통전세 사기가 맞는거 같은데 처음 계약금이 제겐 너무 큰돈이라 포기 하지 못하고 울며겨자 먹기로 진행을 했는데 어찌 해야될가요 저한테 집주인이 변경 되는걸 알려 줘야 하는거 아닌가요??---> 깡통전세가 맞겠지요, 우리는 전세가가 시세의 90%를 넘어 가면 깡통주택이라고들 하지요, 다만 그런주택이 서울, 수도권에는 많다는 것이지요,다만 그 깡통주택에 관해서 님의 전입신고+확정일자 보다 후순위인 저당권설정 건은 신경을 안 써도 되겠지요, 선순위권자인 님에게는 아무런 의미가 없는 권리이니까요.",부동산 사기인것같습니다. 도와주세요_올 10월5일 입주하였습니다. 계약은 7월에 하여 계약금 지급후 바로 확정일자는 받았습니다. 전세금은 3억1천만원인데 근저당말소 조건으로 들어갔고 처음에 보증보험 가입 가능 조건으로 중개사와 이야기하고 입주 하게 되었는데 입주일이 임박하자 보증보험이 100프로가 되지 않는다고 하나은행 을 끼고 서울보증 80프로가 된다며 그렇게 돌려서 진행을 하였는데 계약전에 대출이 다 안나온다고 1700만원을 더 준비하라고 중개인이 말을해서 어렵게 마련하여서 진행을 하긴 하였는데 제가 보증 보험이 100프로 가입이 안되니 깡통전세같아서 계약 해지 요청을 하니 대출이 안나오는것도 아니고 대출이 되니 위약금을 내라 해서 어쩔 수 없이 계약을 하게 되었습니다 그렇게 찜찜하게 이사와서 혹시 몰라서 조회를 해보니 집주인은 전라도에있는 축산 법인으로 넘어가 있고 전세금이 3억1천에 들어 왔는데 집을 3억1천에 구입 후 근저당도 3억을 받은 상태입니다 이럴 경우 깡통전세 사기가 맞는거 같은데 처음 계약금이 제겐 너무 큰돈이라 포기 하지 못하고 울며겨자 먹기로 진행을 했는데 어찌 해야될가요 저한테 집주인이 변경 되는걸 알려 줘야 하는거 아닌가요?
36508,2021-12,부동산 사기를 당한것 같습니다. 도와주세요.,사정이 생겨 집을 빨리 팔고 나가야해서 부동산에 집을 내놓은 상태에서 당근에 집 팔아준다는 글을 보고 문의했더니 업자가 오더라구요 지금 집이 오피스텔 용도라 바로 매매가 힘들테니 전세와 매매를 같이 진행한다고 했고 저는 싸게 내놓으면 그만큼 빨리 나간다고만 생각을 했었기에 1.8천에 파는걸로 얘기했더니 업자가 자기들이 얼마에 어떻게 팔던 저는 관여안하는걸로 얘길했고 전세를 먼저 내놓고 전세계약을 진행해서 계약이 되면 잔금일 2주전에 매매계약을 하고 잔금일에 잔금치르고 바로 명의변경을 하는걸로 처리되며 그날 잔금받은거에서 1.8천을 빼고 나머지는 업자한테 준다는 거였습니다. 이틀전에 세입자와 전세계약을 2.2천에 했고 계약금1천만원을 받은 상태인데 중간중간 업자한테 이게 법적으로 문제 없는거냐고 하니 전혀 문제가 없다며 아는사람들도 이런식으로 매매를 여러번 했다고 하길래 멍청하게 믿었습니다. 그런데 주변에 물어보고 아무리 생각해도 매도금보다 전세금이 훨씬 큰게 이상해서 안되겠다 싶어 업자하고 통화중에 전세계약은 이미 이루어진 것이니 전세중개수수료는 보내주겠다 대신 매매는 당장 힘들것 같다하니 저보고 법적으로 계약위반이라며 손해배상을 청구한답니다. 그래서 제가 그럼 매매계약서를 쓸때 금액을1.8천으로 써서 진행이 되는거냐니 2.2천으로 계약서를 써야된답니다. 그래서 내가 받기로한돈은 1.8천인데 어떻게 계약서를 2.2천으로 쓰냐 이거 불법아니냐고하니 본인의 법무사와 같이 진행하는거라 법적으로는 아무 문제가 없다고 법을 운운하며 이집을 팔아주려고 매수인을 구하기 위해 이미 취득세조로 몇백이 들어갔고 중간 연결된 부동산에도 수수료로 몇백이 들어간 상태이니 이부분에 대해 저보고 손해배상을 하랍니다. 실제 저는 매수인이 있는지 실체를 본적도 없고 매수인과 1원의 현금거래도 없었습니다. 그런데 제가 계약위반으로 업자가 배상금 몇천을 달라는데 이게 정당한 일인가요? 피가 마르니 답변좀 꼭부탁드립니다.,일단 부동산을 당근 같은데에 내 놓으시면....날 속여달라는 소리와 같습니다.?일단 현재 중개인의 말은 거의 거짓으로 보입니다.?법무사취득세도 지불했다는등등은 말도 안돼고요?내일 당장 전화하셔서 변호사 선임할테니....계약금반환하고 없던걸로 하자고 하세요말 안들으면 바로  가까운 법무사사무실이나 변호사 사무실에 가셔서 상담받으시면 됩니다.일단 돈은 받으셨으니...칼자루는 질문자님이 갖고 계십니다.,부동산 사기를 당한것 같습니다. 도와주세요._사정이 생겨 집을 빨리 팔고 나가야해서 부동산에 집을 내놓은 상태에서 당근에 집 팔아준다는 글을 보고 문의했더니 업자가 오더라구요 지금 집이 오피스텔 용도라 바로 매매가 힘들테니 전세와 매매를 같이 진행한다고 했고 저는 싸게 내놓으면 그만큼 빨리 나간다고만 생각을 했었기에 1.8천에 파는걸로 얘기했더니 업자가 자기들이 얼마에 어떻게 팔던 저는 관여안하는걸로 얘길했고 전세를 먼저 내놓고 전세계약을 진행해서 계약이 되면 잔금일 2주전에 매매계약을 하고 잔금일에 잔금치르고 바로 명의변경을 하는걸로 처리되며 그날 잔금받은거에서 1.8천을 빼고 나머지는 업자한테 준다는 거였습니다. 이틀전에 세입자와 전세계약을 2.2천에 했고 계약금1천만원을 받은 상태인데 중간중간 업자한테 이게 법적으로 문제 없는거냐고 하니 전혀 문제가 없다며 아는사람들도 이런식으로 매매를 여러번 했다고 하길래 멍청하게 믿었습니다. 그런데 주변에 물어보고 아무리 생각해도 매도금보다 전세금이 훨씬 큰게 이상해서 안되겠다 싶어 업자하고 통화중에 전세계약은 이미 이루어진 것이니 전세중개수수료는 보내주겠다 대신 매매는 당장 힘들것 같다하니 저보고 법적으로 계약위반이라며 손해배상을 청구한답니다. 그래서 제가 그럼 매매계약서를 쓸때 금액을1.8천으로 써서 진행이 되는거냐니 2.2천으로 계약서를 써야된답니다. 그래서 내가 받기로한돈은 1.8천인데 어떻게 계약서를 2.2천으로 쓰냐 이거 불법아니냐고하니 본인의 법무사와 같이 진행하는거라 법적으로는 아무 문제가 없다고 법을 운운하며 이집을 팔아주려고 매수인을 구하기 위해 이미 취득세조로 몇백이 들어갔고 중간 연결된 부동산에도 수수료로 몇백이 들어간 상태이니 이부분에 대해 저보고 손해배상을 하랍니다. 실제 저는 매수인이 있는지 실체를 본적도 없고 매수인과 1원의 현금거래도 없었습니다. 그런데 제가 계약위반으로 업자가 배상금 몇천을 달라는데 이게 정당한 일인가요? 피가 마르니 답변좀 꼭부탁드립니다.
17177,2022-08,깡통전세사기를 당한 것 같습니다.,"2020년 11월 13일에 신축 빌라에 전세로 들어왔습니다.계약은 건설사 분양 사무소의 이사 님과 진행했고 이 분이 소개해준 대출 대리인과 공인중개사로 전세 계약을 진행했습니다.당시 매매가는 2억 200만원이고 전세가도 동일하게 2억 200만원이라고 하였으며, HUG전세보증금반환보험이 가입된 안심전세대출이라고 하여 전세 계약을 진행하게 되었습니다.최초 계약 당시 등기부등본상 소유주인 임대인 A씨는 근저당이나 채무 등의 문제가 없었고, 그에 따라 20년 11월 13일에 대출 실행과 전입신고, 확정일자까지 모두 받았습니다.이후 20년 12월 7일에 임대인이 B씨로 변경되었다는 연락을 분양 사무소 이사 님으로부터 받았으나 등기부등본상 이미 11월 20일에 소유주가 임대인 B씨로 변경이 되었던 것이었습니다.기존 계약 내용과 동일하므로 변경된 임대인 B씨와 별도의 계약서 작성은 불필요하다고 하여 새로운 계약서를 작성하지는 않았습니다.그리고 현재 계약 만료를 3개월 앞둔 상황에서 등기부등본을 조회해보니 임대인 B씨에게 2022년 4월 7일자로 세금 체납으로 인해 압류가 된 것을 확인한 상황입니다.이 사실을 알고 최근 뉴스에 나오는 전세사기를 검색하였고, 대규모 전세 사기단 중 하나의 이름과 동일한 것을 확인한 상황입니다.혹시 동명이인일지 몰라 임대인 B에게 연락했으나 닿지 않아서 우선 문자로 전세 계약 연장 해지를 통보한 상황입니다.1. 위와 같은 상황에서 HUG전세보증금반환보험으로 전세금 전액 반환이 가능할까요? (대출이 80% 입니다)2. 전세사기를 검색해보니 '대항력'과 '선순위'라는게 중요한 것 같은데 제가 지금 선순위와 대항력이 있는 임차인일까요?3. 만약 전세보증금 반환이 어려운 상황이라면 이후 어떻게 대처를 해야할까요?4. 문자로 통보하는 경우 반드시 포함되어야 하는 내용이 있을까요?5. 등기부등본의 순위번호 4에 등기원인을 보시면 임대인 B씨는 2019년 1월 18일에 해당 건물을 매매한것으로 보이고, 전세 계약이 완료된 후 20년 11월 20일에 지분을 전부 이전하여 등기 목적이 성립된 것 같습니다. 이런 경우 만약에 집이 공매로 넘어가게되면 임대인 A와 B씨 중 누구에게 보증금을 청구할 수 있을까요? (사실 등기원인 내용이 정확히 뭔지 모르겠습니다ㅠㅠ)참고가 될까하여 등기부등본을 함께 첨부해드립니다.저희의 힘든 상황을 헤아리시어 고견 부탁드리겠습니다.감사합니다.","안녕하세요. 서울지방변호사회 소속으로 지식iN 법률상담을 진행하고 있는 최성민 변호사입니다.​전세가가와 매매가가 동일한 전형적인 깡통전세 사기 사건인 것으로 보입니다. 깡통전세는 자력을 보유하지 못한 집주인인이 갭투자 방식으로 무리하게 세입자의 돈을 끌어쓰다가 발생합니다. 집주인이 국세를 체납하여 해당 부동산에 압류가 진행되었다는 것은 집주인이 세금을 내지 못할 정도로 자금 사정이 열악하다는 것을 의미합니다. 문의하신 사안의 경우 제공해주신  정보만으로는 대항력을 보유한 선순위 임차인인 것으로 보이는데, 신탁등기가 설정되어 있는 등 권리관계가 일반적인 건보다 더 복잡해보입니다. ​깡통전세는 자력을 보유하지 못한 집주인이 갭투자의 방식으로 무리하게 세입자의 보증금을 끌어다가 부동산을 구입하다가 발생하곤 합니다. 이 경우 수십채의 부동산에서 무지막지한 국세가 부과되는데 해당 국세를 납부하지 못해 전세집에 국세 미납으로 압류가 걸리곤 합니다. ​전세집에 압류가 설정되거나 전세집이 경매에 넘어간 경우에는 권리분석 절차를 통해 경매절차에서 보증금 전액을 배당받을 수 있는지 검토하고, 이것이 불가능하다면 신속하게 집주인을 상대로 전세보증금반환소송을 제기하는 등의 조치를 취하셔야 합니다. 깡통전세 사기 사건은 안타깝지만 결국 집주인이 남겨놓은 재산을 놓고 세입자들이 나눠먹기를 하게 되는 형국으로 귀결되는 것이 일반적입니다. 때문에 신속하게 법적 조치를 진행한 쪽이 그렇지 않은 쪽보다 피해회복에 유리한 것이 보통입니다. ​전세사기 사건은 사안별로 다르기 때문에 먼저 관련자료를 지참해 전문 변호사와 상담을 진행해보시는 것이 좋습니다. 최근 대검찰청이 전세사기 사건에 대해 구속수사를 지시하는 등 적극적인 수사의지를 보이고 있어 형사고소 진행도 검토해보셔야 합니다. ​네이버 지식인의 특성상 보다 자세한 답변이 어려운 점을 양해해주시기 바라며, 부동산 전세사기 사건 대응방법, 전세집이 경매에 넘어간 경우 대응방법에 관해서 상세하게 정리해 놓은 글이 있으니 아래 블로그 글을 참고하시면 도움이 되실 것입니다. ​","깡통전세사기를 당한 것 같습니다._2020년 11월 13일에 신축 빌라에 전세로 들어왔습니다.계약은 건설사 분양 사무소의 이사 님과 진행했고 이 분이 소개해준 대출 대리인과 공인중개사로 전세 계약을 진행했습니다.당시 매매가는 2억 200만원이고 전세가도 동일하게 2억 200만원이라고 하였으며, HUG전세보증금반환보험이 가입된 안심전세대출이라고 하여 전세 계약을 진행하게 되었습니다.최초 계약 당시 등기부등본상 소유주인 임대인 A씨는 근저당이나 채무 등의 문제가 없었고, 그에 따라 20년 11월 13일에 대출 실행과 전입신고, 확정일자까지 모두 받았습니다.이후 20년 12월 7일에 임대인이 B씨로 변경되었다는 연락을 분양 사무소 이사 님으로부터 받았으나 등기부등본상 이미 11월 20일에 소유주가 임대인 B씨로 변경이 되었던 것이었습니다.기존 계약 내용과 동일하므로 변경된 임대인 B씨와 별도의 계약서 작성은 불필요하다고 하여 새로운 계약서를 작성하지는 않았습니다.그리고 현재 계약 만료를 3개월 앞둔 상황에서 등기부등본을 조회해보니 임대인 B씨에게 2022년 4월 7일자로 세금 체납으로 인해 압류가 된 것을 확인한 상황입니다.이 사실을 알고 최근 뉴스에 나오는 전세사기를 검색하였고, 대규모 전세 사기단 중 하나의 이름과 동일한 것을 확인한 상황입니다.혹시 동명이인일지 몰라 임대인 B에게 연락했으나 닿지 않아서 우선 문자로 전세 계약 연장 해지를 통보한 상황입니다.1. 위와 같은 상황에서 HUG전세보증금반환보험으로 전세금 전액 반환이 가능할까요? (대출이 80% 입니다)2. 전세사기를 검색해보니 '대항력'과 '선순위'라는게 중요한 것 같은데 제가 지금 선순위와 대항력이 있는 임차인일까요?3. 만약 전세보증금 반환이 어려운 상황이라면 이후 어떻게 대처를 해야할까요?4. 문자로 통보하는 경우 반드시 포함되어야 하는 내용이 있을까요?5. 등기부등본의 순위번호 4에 등기원인을 보시면 임대인 B씨는 2019년 1월 18일에 해당 건물을 매매한것으로 보이고, 전세 계약이 완료된 후 20년 11월 20일에 지분을 전부 이전하여 등기 목적이 성립된 것 같습니다. 이런 경우 만약에 집이 공매로 넘어가게되면 임대인 A와 B씨 중 누구에게 보증금을 청구할 수 있을까요? (사실 등기원인 내용이 정확히 뭔지 모르겠습니다ㅠㅠ)참고가 될까하여 등기부등본을 함께 첨부해드립니다.저희의 힘든 상황을 헤아리시어 고견 부탁드리겠습니다.감사합니다."
41457,2022-08,깡통전세사기를 당한 것 같습니다.,"2020년 11월 13일에 신축 빌라에 전세로 들어왔습니다.계약은 건설사 분양 사무소의 이사 님과 진행했고 이 분이 소개해준 대출 대리인과 공인중개사로 전세 계약을 진행했습니다.당시 매매가는 2억 200만원이고 전세가도 동일하게 2억 200만원이라고 하였으며,?HUG전세보증금반환보험이 가입된 안심전세대출이라고 하여 전세 계약을 진행하게 되었습니다.최초 계약 당시 등기부등본상 소유주인 임대인 A씨는 근저당이나 채무 등의 문제가 없었고,?그에 따라 20년 11월 13일에 대출 실행과 전입신고, 확정일자까지 모두 받았습니다.이후 20년 12월 7일에 임대인이 B씨로 변경되었다는 연락을 분양 사무소 이사 님으로부터 받았으나 등기부등본상 이미 11월 20일에 소유주가 임대인 B씨로 변경이 되었던 것이었습니다.기존 계약 내용과 동일하므로 변경된 임대인 B씨와 별도의 계약서 작성은 불필요하다고 하여 새로운 계약서를 작성하지는 않았습니다.그리고 현재 계약 만료를 3개월 앞둔 상황에서 등기부등본을 조회해보니 임대인 B씨에게 2022년 4월 7일자로 세금 체납으로 인해 압류가 된 것을 확인한 상황입니다.이 사실을 알고 최근 뉴스에 나오는 전세사기를 검색하였고, 대규모 전세 사기단 중 하나의 이름과 동일한 것을 확인한 상황입니다.혹시 동명이인일지 몰라 임대인 B에게 연락했으나 닿지 않아서 우선 문자로 전세 계약 연장 해지를 통보한 상황입니다.1. 위와 같은 상황에서 HUG전세보증금반환보험으로 전세금 전액 반환이 가능할까요? (대출이 80% 입니다)2. 전세사기를 검색해보니 '대항력'과 '선순위'라는게 중요한 것 같은데 제가 지금 선순위와 대항력이 있는 임차인일까요?3. 만약 전세보증금 반환이 어려운 상황이라면 이후 어떻게 대처를 해야할까요?4. 문자로 통보하는 경우 반드시 포함되어야 하는 내용이 있을까요?5. 등기부등본의 순위번호 4에 등기원인을 보시면 임대인 B씨는 2019년 1월 18일에 해당 건물을 매매한것으로 보이고, 전세 계약이 완료된 후 20년 11월 20일에 지분을 전부 이전하여 등기 목적이 성립된 것 같습니다. 이런 경우 만약에 집이 공매로 넘어가게되면 임대인 A와 B씨 중 누구에게 보증금을 청구할 수 있을까요? (사실 등기원인 내용이 정확히 뭔지 모르겠습니다ㅠㅠ)참고가 될까하여 등기부등본을 함께 첨부해드립니다.저희의 힘든 상황을 헤아리시어 고견 부탁드리겠습니다.감사합니다.","안녕하세요. 서울지방변호사회 소속으로 지식iN 법률상담을 진행하고 있는 최성민 변호사입니다.?전세가가와 매매가가 동일한 전형적인 깡통전세 사기 사건인 것으로 보입니다. 깡통전세는 자력을 보유하지 못한 집주인인이 갭투자 방식으로 무리하게 세입자의 돈을 끌어쓰다가 발생합니다. 집주인이 국세를 체납하여 해당 부동산에 압류가 진행되었다는 것은 집주인이 세금을 내지 못할 정도로 자금 사정이 열악하다는 것을 의미합니다. 문의하신 사안의 경우 제공해주신  정보만으로는 대항력을 보유한 선순위 임차인인 것으로 보이는데, 신탁등기가 설정되어 있는 등 권리관계가 일반적인 건보다 더 복잡해보입니다. ?깡통전세는 자력을 보유하지 못한 집주인이 갭투자의 방식으로 무리하게 세입자의 보증금을 끌어다가 부동산을 구입하다가 발생하곤 합니다. 이 경우 수십채의 부동산에서 무지막지한 국세가 부과되는데 해당 국세를 납부하지 못해 전세집에 국세 미납으로 압류가 걸리곤 합니다. ?전세집에 압류가 설정되거나 전세집이 경매에 넘어간 경우에는 권리분석 절차를 통해 경매절차에서 보증금 전액을 배당받을 수 있는지 검토하고, 이것이 불가능하다면 신속하게 집주인을 상대로 전세보증금반환소송을 제기하는 등의 조치를 취하셔야 합니다. 깡통전세 사기 사건은 안타깝지만 결국 집주인이 남겨놓은 재산을 놓고 세입자들이 나눠먹기를 하게 되는 형국으로 귀결되는 것이 일반적입니다. 때문에 신속하게 법적 조치를 진행한 쪽이 그렇지 않은 쪽보다 피해회복에 유리한 것이 보통입니다. ?전세사기 사건은 사안별로 다르기 때문에 먼저 관련자료를 지참해 전문 변호사와 상담을 진행해보시는 것이 좋습니다. 최근 대검찰청이 전세사기 사건에 대해 구속수사를 지시하는 등 적극적인 수사의지를 보이고 있어 형사고소 진행도 검토해보셔야 합니다. ?네이버 지식인의 특성상 보다 자세한 답변이 어려운 점을 양해해주시기 바라며, 부동산 전세사기 사건 대응방법, 전세집이 경매에 넘어간 경우 대응방법에 관해서 상세하게 정리해 놓은 글이 있으니 아래 블로그 글을 참고하시면 도움이 되실 것입니다. ?","깡통전세사기를 당한 것 같습니다._2020년 11월 13일에 신축 빌라에 전세로 들어왔습니다.계약은 건설사 분양 사무소의 이사 님과 진행했고 이 분이 소개해준 대출 대리인과 공인중개사로 전세 계약을 진행했습니다.당시 매매가는 2억 200만원이고 전세가도 동일하게 2억 200만원이라고 하였으며,?HUG전세보증금반환보험이 가입된 안심전세대출이라고 하여 전세 계약을 진행하게 되었습니다.최초 계약 당시 등기부등본상 소유주인 임대인 A씨는 근저당이나 채무 등의 문제가 없었고,?그에 따라 20년 11월 13일에 대출 실행과 전입신고, 확정일자까지 모두 받았습니다.이후 20년 12월 7일에 임대인이 B씨로 변경되었다는 연락을 분양 사무소 이사 님으로부터 받았으나 등기부등본상 이미 11월 20일에 소유주가 임대인 B씨로 변경이 되었던 것이었습니다.기존 계약 내용과 동일하므로 변경된 임대인 B씨와 별도의 계약서 작성은 불필요하다고 하여 새로운 계약서를 작성하지는 않았습니다.그리고 현재 계약 만료를 3개월 앞둔 상황에서 등기부등본을 조회해보니 임대인 B씨에게 2022년 4월 7일자로 세금 체납으로 인해 압류가 된 것을 확인한 상황입니다.이 사실을 알고 최근 뉴스에 나오는 전세사기를 검색하였고, 대규모 전세 사기단 중 하나의 이름과 동일한 것을 확인한 상황입니다.혹시 동명이인일지 몰라 임대인 B에게 연락했으나 닿지 않아서 우선 문자로 전세 계약 연장 해지를 통보한 상황입니다.1. 위와 같은 상황에서 HUG전세보증금반환보험으로 전세금 전액 반환이 가능할까요? (대출이 80% 입니다)2. 전세사기를 검색해보니 '대항력'과 '선순위'라는게 중요한 것 같은데 제가 지금 선순위와 대항력이 있는 임차인일까요?3. 만약 전세보증금 반환이 어려운 상황이라면 이후 어떻게 대처를 해야할까요?4. 문자로 통보하는 경우 반드시 포함되어야 하는 내용이 있을까요?5. 등기부등본의 순위번호 4에 등기원인을 보시면 임대인 B씨는 2019년 1월 18일에 해당 건물을 매매한것으로 보이고, 전세 계약이 완료된 후 20년 11월 20일에 지분을 전부 이전하여 등기 목적이 성립된 것 같습니다. 이런 경우 만약에 집이 공매로 넘어가게되면 임대인 A와 B씨 중 누구에게 보증금을 청구할 수 있을까요? (사실 등기원인 내용이 정확히 뭔지 모르겠습니다ㅠㅠ)참고가 될까하여 등기부등본을 함께 첨부해드립니다.저희의 힘든 상황을 헤아리시어 고견 부탁드리겠습니다.감사합니다."
36107,2021-12,혹시모를 전세 사기 막기위해 하면 좋을 것들,"안녕하세요. 지방에 전세계약하려고 하는데 소형 아파트이고 전세금은 4,500만 입니다.공인중개사 끼고 거래하고요 집주인분은 서울에 사시는 분이라고 하시고 이번주 토요일 잠시 내려오셔서 서로 만나서 계약서 작성하고 보증금 10% 내기로 했어요. 인터넷에 전세사기 보니깐 뭐 이것저것 많이 나오던데 혹시 공인중개사분과 어떤 것을 하고 어떤 것을 준비하면 전세사기를 예방하거나 확인할 수 있을까요?? 전세계약이 처음이라서요ㅜㅜ물론 사기는 아니겠지만 혹시 모르는 마음에 질문합니다.",일단 개업공인중개사가 계약서를 작성한다면 큰 걱정 안하셔도 됩니다.아주 질이 떨어지는 중개사가 아닌 다음에야정상적으로 업무처리를 할겁니다 거기다1억원 보증보험에도 가입해 있으니전세사기를 당하면 보험으로 해결 할 수 있습니다?문제는 보증보험금으로도 해결 못하는 사기에 가까운전세계약을 당할 수 있는 경우가 있습니다?즉 들어가려는 아파트에 이미 근저당이 많이설정되어 있는 경우 입니다?이런 경우 만약 경매에 들어가면전세보증금을 다 받지 못하고 나오는수가 있습니다.?그러니까부동산중개소에서 계약할 때등기를 확인해 보세요등기에 근저당이 설정된게 없으면 걱정할게 없습니다.?근저당이 있는 경우라도 은행대출이아주 적은 경우는 상관없지만은행대출이 많은 경우에는 계약하지 마세요??,"혹시모를 전세 사기 막기위해 하면 좋을 것들_안녕하세요. 지방에 전세계약하려고 하는데 소형 아파트이고 전세금은 4,500만 입니다.공인중개사 끼고 거래하고요 집주인분은 서울에 사시는 분이라고 하시고 이번주 토요일 잠시 내려오셔서 서로 만나서 계약서 작성하고 보증금 10% 내기로 했어요. 인터넷에 전세사기 보니깐 뭐 이것저것 많이 나오던데 혹시 공인중개사분과 어떤 것을 하고 어떤 것을 준비하면 전세사기를 예방하거나 확인할 수 있을까요?? 전세계약이 처음이라서요ㅜㅜ물론 사기는 아니겠지만 혹시 모르는 마음에 질문합니다."
36108,2021-12,혹시모를 전세 사기 막기위해 하면 좋을 것들,"안녕하세요. 지방에 전세계약하려고 하는데 소형 아파트이고 전세금은 4,500만 입니다.공인중개사 끼고 거래하고요 집주인분은 서울에 사시는 분이라고 하시고 이번주 토요일 잠시 내려오셔서 서로 만나서 계약서 작성하고 보증금 10% 내기로 했어요. 인터넷에 전세사기 보니깐 뭐 이것저것 많이 나오던데 혹시 공인중개사분과 어떤 것을 하고 어떤 것을 준비하면 전세사기를 예방하거나 확인할 수 있을까요?? 전세계약이 처음이라서요ㅜㅜ물론 사기는 아니겠지만 혹시 모르는 마음에 질문합니다.",아파트에 대출이나 설정이 없다면전입신고 하시고 확정일자 받으시면 안심하셔도 됩니다.중개사통해 계약하는 경우에는 문제가 발생시 중개사가 책임을지게 되어있습니다.크게 불안하지 않아도 됩니다.,"혹시모를 전세 사기 막기위해 하면 좋을 것들_안녕하세요. 지방에 전세계약하려고 하는데 소형 아파트이고 전세금은 4,500만 입니다.공인중개사 끼고 거래하고요 집주인분은 서울에 사시는 분이라고 하시고 이번주 토요일 잠시 내려오셔서 서로 만나서 계약서 작성하고 보증금 10% 내기로 했어요. 인터넷에 전세사기 보니깐 뭐 이것저것 많이 나오던데 혹시 공인중개사분과 어떤 것을 하고 어떤 것을 준비하면 전세사기를 예방하거나 확인할 수 있을까요?? 전세계약이 처음이라서요ㅜㅜ물론 사기는 아니겠지만 혹시 모르는 마음에 질문합니다."
36734,2022-02,전세 더 알아봐야할것,쓰리룸 전세4000으로 들어가려고 하는데 해당 건물(4층건물)의 등기부등본을 떼보니 4억정도의 융자가 있었습니다. 이 집에 들어가도 전세금 돌려 받는것에 무리 없을까요..? 더 확인해볼것이 있나요??,"반가워요 제가 답변을 드릴게요!?안전거래 분쟁방지를 위해 변호사와 함께 하는 강남집사부동산입니다.질문자님에게 아래와 같은글이 도움이 될까 하여 관련글 남겨두고 가겠습니다!??많은 분들이 빌라, 오피스텔, 아파트 전세(월세)계약을 하고 계십니다. 그런데 부동산 계약 경험이 없는 분들이 집을 계약한다는 것이 보통 어려운 일이 아닙니다.?집주인이 전세금을 갚지 않은 사례만 3년 만에 무려 130배 가까이 늘었다고 하며, 신문, 방송에서 보듯이 전월세 사기가 판을 치고 보증금을 떼인다든가 하는 문제가 많이 발생하는 요즘, 도무지 알기 힘든 임대차보호법에 대해서 알아보고 소중한 내 보증금을 지키는 방법에 대해서 알려드리고자 합니다.?아래에 링크해 둔 곳에 잘 정리되어 있으니 참고하시기 바랍니다.부동산 거래시 유의점 - 전세(월세) 임대 계약시 10가지 주의사항",전세 더 알아봐야할것_쓰리룸 전세4000으로 들어가려고 하는데 해당 건물(4층건물)의 등기부등본을 떼보니 4억정도의 융자가 있었습니다. 이 집에 들어가도 전세금 돌려 받는것에 무리 없을까요..? 더 확인해볼것이 있나요??
40666,2022-06,전세사기인것같아서 문의드리려합니다,안녕하세요 전세사기인거같아서 문의드리려 합니다.제가 20년 8월에 안심전세계약을 했습니다 그땐 집주인이 법인이 아니셔서 좋은분 인것같기에 진행했습니다만 22년 초에 집주인이 바뀌었다는 연락을 받았습니다 그땐 대수롭지 않게 생각했었는데 지금와서 보니 법인이었고 진행했던 은행에서 집주인 변경 절차를 밟고 허그에 전화해 새로운 집주인으로 등록되었다는 말을 듣고 안심했었습니다 그런데 현재 8월이 만기 날이어서 법인이면 연장이 안된다는 말을 듣고 만기 6개월 될때부터 연락해서 이사가겠다는 말을 했습니다.그때 당시의 통화내용도 녹음 했구요.그런데 5월달에 법인 대표가 바뀌었으니 그쪽으로 연락해보라고 문자가 왔습니다문자대로 전화해보니 받았고 자기가 아직 인계중이니 같이 하는 컨설트분이랑 얘기를 나눠봐라 해서 연락을 드렸습니다전화상으로 제가 전 대표가 집을 내놔달라고 부탁해서 그때 말씀주신 가격으로 부동산쪽으로 다 말씀드려놨는데 똑같이 새로운 세입자가 나타나야지만 보증금을 받을 수 있는건가요?라고 물어보니 맞습니다 라는 말씀이 있으셔서 네 알겠습니다 하고 끊었습니다그 이후로 최근에 제가 이사갈 집을 구해야하니 보증금을 조금 빼주실수 있으시냐 라고 물어보니 현재 가지고 있는 현금이 없어서 못드린다 라는 답을 받았고 일단 알겠습니다 하고 끊었습니다이것또한 통화내용 녹음 했습니다.여기서 문제인게 제가 오늘 등기부등본을 열람했는데 5/16일에 세금을 안내서 압류되었다는 내용이 기재되어있더라구요8월에 나가야하는데 지금부터 어떤것부터 해야하는지 막막합니다..새 대표가 바뀐 시점도 16일이더라구요..이사오기 초반에 안심전세가 가능했던걸로 보면 이상이 없었던 것같은데 만기가 다가오니 이렇게 변한다는게 너무 무섭습니다..이런 상황에서 집주인에게 세금 낼 생각 없냐고 물어봐야하는지..뭐부터 시작해야하는지 알려주세요..임차권 등기명령을 만기날 해야하는게 의미가 있는건지 모르겠습니다집주인이 바뀔때 새로운 계약서를 안썼는데 이것도 문제가 되는지 알고싶습니다일단 긴 글 읽어주셔서 정말 감사합니다.. 도와주세요 제발,안녕하세요. 서울지방변호사회-네이버 지식iN 상담 변호사 정종욱 입니다.?전세사기 예방/대응방법에 관해서는 아래 블로그 글을 참고하시면 도움이 되실 것입니다. ?,전세사기인것같아서 문의드리려합니다_안녕하세요 전세사기인거같아서 문의드리려 합니다.제가 20년 8월에 안심전세계약을 했습니다 그땐 집주인이 법인이 아니셔서 좋은분 인것같기에 진행했습니다만 22년 초에 집주인이 바뀌었다는 연락을 받았습니다 그땐 대수롭지 않게 생각했었는데 지금와서 보니 법인이었고 진행했던 은행에서 집주인 변경 절차를 밟고 허그에 전화해 새로운 집주인으로 등록되었다는 말을 듣고 안심했었습니다 그런데 현재 8월이 만기 날이어서 법인이면 연장이 안된다는 말을 듣고 만기 6개월 될때부터 연락해서 이사가겠다는 말을 했습니다.그때 당시의 통화내용도 녹음 했구요.그런데 5월달에 법인 대표가 바뀌었으니 그쪽으로 연락해보라고 문자가 왔습니다문자대로 전화해보니 받았고 자기가 아직 인계중이니 같이 하는 컨설트분이랑 얘기를 나눠봐라 해서 연락을 드렸습니다전화상으로 제가 전 대표가 집을 내놔달라고 부탁해서 그때 말씀주신 가격으로 부동산쪽으로 다 말씀드려놨는데 똑같이 새로운 세입자가 나타나야지만 보증금을 받을 수 있는건가요?라고 물어보니 맞습니다 라는 말씀이 있으셔서 네 알겠습니다 하고 끊었습니다그 이후로 최근에 제가 이사갈 집을 구해야하니 보증금을 조금 빼주실수 있으시냐 라고 물어보니 현재 가지고 있는 현금이 없어서 못드린다 라는 답을 받았고 일단 알겠습니다 하고 끊었습니다이것또한 통화내용 녹음 했습니다.여기서 문제인게 제가 오늘 등기부등본을 열람했는데 5/16일에 세금을 안내서 압류되었다는 내용이 기재되어있더라구요8월에 나가야하는데 지금부터 어떤것부터 해야하는지 막막합니다..새 대표가 바뀐 시점도 16일이더라구요..이사오기 초반에 안심전세가 가능했던걸로 보면 이상이 없었던 것같은데 만기가 다가오니 이렇게 변한다는게 너무 무섭습니다..이런 상황에서 집주인에게 세금 낼 생각 없냐고 물어봐야하는지..뭐부터 시작해야하는지 알려주세요..임차권 등기명령을 만기날 해야하는게 의미가 있는건지 모르겠습니다집주인이 바뀔때 새로운 계약서를 안썼는데 이것도 문제가 되는지 알고싶습니다일단 긴 글 읽어주셔서 정말 감사합니다.. 도와주세요 제발
39025,2022-04,전세 사기 관련 문의 (사기를 당할 것 같습니다.ㅜㅜ),제 사연은 아래와 같습니다1. 2020년 7월 25일?일반 개인(주인 A씨)?에게 빌라 1억 2천만원 전세 계약 (당일날 전입신고 완료)???2. 계약 후 2020년 7월 31일?주인 A씨는 '주식회사 마니주택' 이라는 법인에게 1억 2천만에 매매 진행3. 주인 A씨는 저에게 집주인 바꼈다는 통보 없음??4. 만기가 다가와서 집주인에게 연락하였으나 연락이 안됨?5. 수상해서?등기를 확인해 보니??2022년 3월 10일 압류로 표시됨6. 수소문 끝에?'주식회사 마니주택'?법인 담당자랑 연락이 됨?7. 전세계약이 종료되면 전세금을 주겠다고 약속 받음 (문자 증거 남김)?8. 현재 집은 인천소재이며 압류는 종부세로 안산 세무서에서 압류가 들어옴?9. 현재 집?매매가격이 1억3천~4천 사이로 형성 중?여기서 문의드립니다.?만약 법인에서 전세금을 주지 않고 경매로 넘어갔을 때?제가 이집을 가지게 되면 국세 (당해세로 추측됨) 를 제가 껴 안게 되는건가요????여기 저기 알아보았는데.. 다들 의견이 달라서 문의드립니다.?,경매로 넘어가면 국세 지방세가 우선 순위로 배당이 되죠.결국 님이 낙찰되면 껴앉게 되는 셈...경락대금은 님의 채권으로 상계되기는 할텐데...세금때문에 쌩돈 나갈 수 있어요.차라리 그 법인에게 압류만 풀면 전세보증금으로 소유권 이전하겠다고 해보세요.,전세 사기 관련 문의 (사기를 당할 것 같습니다.ㅜㅜ)_제 사연은 아래와 같습니다1. 2020년 7월 25일?일반 개인(주인 A씨)?에게 빌라 1억 2천만원 전세 계약 (당일날 전입신고 완료)???2. 계약 후 2020년 7월 31일?주인 A씨는 '주식회사 마니주택' 이라는 법인에게 1억 2천만에 매매 진행3. 주인 A씨는 저에게 집주인 바꼈다는 통보 없음??4. 만기가 다가와서 집주인에게 연락하였으나 연락이 안됨?5. 수상해서?등기를 확인해 보니??2022년 3월 10일 압류로 표시됨6. 수소문 끝에?'주식회사 마니주택'?법인 담당자랑 연락이 됨?7. 전세계약이 종료되면 전세금을 주겠다고 약속 받음 (문자 증거 남김)?8. 현재 집은 인천소재이며 압류는 종부세로 안산 세무서에서 압류가 들어옴?9. 현재 집?매매가격이 1억3천~4천 사이로 형성 중?여기서 문의드립니다.?만약 법인에서 전세금을 주지 않고 경매로 넘어갔을 때?제가 이집을 가지게 되면 국세 (당해세로 추측됨) 를 제가 껴 안게 되는건가요????여기 저기 알아보았는데.. 다들 의견이 달라서 문의드립니다.?
25713,2021-02,전세사기당했을때 대출받은것에대한질문드려요,예를들어 전세가 1억 청년 버팀목대출받을시 80프로지원 8천이지만 최대지원이7천이잖아요.그럼 내돈3천넣고 대출기관이 집주인에게7천을 직접넣어주는걸로아는데 만약 집주인이 사기꾼이라 사기를 당했으면 그7천까지 제가갚아야하는건가요? 전세사기안당하려면 뭐뭐알아봐야하는지도좀 알려주세요ㅠ,"대전전세사기사건변호사 유성권 변호사 사시52회입니다. ?은행에 대한 채무는 갚으셔야 합니다. ?다만 집주인이나 관련자를 사기죄로 고소가능하고, ?민사적으로 손배나 보증금반환으로 해당 금원의 반환을 구할 수 있습니다. ?",전세사기당했을때 대출받은것에대한질문드려요_예를들어 전세가 1억 청년 버팀목대출받을시 80프로지원 8천이지만 최대지원이7천이잖아요.그럼 내돈3천넣고 대출기관이 집주인에게7천을 직접넣어주는걸로아는데 만약 집주인이 사기꾼이라 사기를 당했으면 그7천까지 제가갚아야하는건가요? 전세사기안당하려면 뭐뭐알아봐야하는지도좀 알려주세요ㅠ
38460,2022-03,전세사기로 집이 경매로 넘어갈것같아요,제가 몇순위인지 알고싶어 전입신고랑 확정일자 열람했는데201호 는 전입신고는 2018-04-06인데확정일자를 8번을 받았어요이 호수에 확정일자는 어떤건지랑302호는 전입신고는 2020-06-29 인데확정일자는 2018-04-16 이고304호는 전입신고 2020-05-01 인데확정일자는 2018-04-23이라저는 102호 살고있고 전입이랑 확정일자는 동일합니다2018-05-04 입니다제가 경매넘어가면 배당받는 순위를 알고싶어요,"님은 302호와 304호보다는 선순위로 보입니다.임차인의 대항력은 이사와 전입신고 그 다음날부터 확보가 되며,확정일자는 대항력을 갖춘 이후라야  훈순위 채권자보다 우선합니다.주택임대차보호법?더 상세한 내용은 추가로 전문가와 서류를 지참하여 상담과 권리분석을 권합니다.",전세사기로 집이 경매로 넘어갈것같아요_제가 몇순위인지 알고싶어 전입신고랑 확정일자 열람했는데201호 는 전입신고는 2018-04-06인데확정일자를 8번을 받았어요이 호수에 확정일자는 어떤건지랑302호는 전입신고는 2020-06-29 인데확정일자는 2018-04-16 이고304호는 전입신고 2020-05-01 인데확정일자는 2018-04-23이라저는 102호 살고있고 전입이랑 확정일자는 동일합니다2018-05-04 입니다제가 경매넘어가면 배당받는 순위를 알고싶어요
12084,2022-04,부동산 전세 보증금 사기관련 궁금한것이 있습니다.,융자 계산해서 건물 매매가의 70% 이하의 전세금으로 계약해야 경매에 넘어갔을때 안전하다고 들었읍니다. 여기서 궁금한게 몇가지 있습니다.1. 매매가가 1억일때 융자가3천잡혀있으면 전세4천이하로 들어가면 안전한건가요?2. 보증금 보험은 어떤의미가 있나요? 만약 1억짜리집에 7천 전세로들어갔는데 대출이 4천이있다 하면 제돈천마넌이 날아간거잖아요? 이때 보험이 있으면 뭐가 바뀌나요?3. 보험이 없는상황이면 제가 어덯게 해야하나요?4. 보증금 내고 들어갈때 융자나 매매가 건물주 이름일치하나 확인하는것 말고도 보아야할것이 있나요?5. 집주인이 작정하고 보증금받고 건물팔면 못잡나요?한개씩 답변해주시면 채택해드릴게요 감사합니다,"1. 매매가가 1억일때 융자가3천잡혀있으면 전세4천이하로 들어가면 안전한건가요?<답변> 70% 이하이면 안전하다고 볼 수 있습니다.70%보다 더 낮게 낙찰될 수는 있지만 보통은 70% 정도로는 낙찰 됩니다.​​2. 보증금 보험은 어떤의미가 있나요? 만약 1억짜리집에 7천 전세로들어갔는데 대출이 4천이있다 하면 제돈천마넌이 날아간거잖아요? 이때 보험이 있으면 뭐가 바뀌나요?<답변> 맞습니다.이미 근저당이 4천 있다면 7천이면 3천 정도는 못받을 가능성이 높습니다.​​3. 보험이 없는상황이면 제가 어덯게 해야하나요?<답변> 감액을 하거나 안전하게 보증금을 4천 정도로 맞추는게 좋습니다.나머지는 월세로 내야 합니다.​​4. 보증금 내고 들어갈때 융자나 매매가 건물주 이름일치하나 확인하는것 말고도 보아야할것이 있나요?<답변> 집 소유자, 근저당 등을 봤다면 다른 것은 누수, 결로, 보일러 등의 하자 여부만 확인하면 됩니다.​​5. 집주인이 작정하고 보증금받고 건물팔면 못잡나요?<답변> 보증금 못받는 것은 아닙니다.새로운 집주인이 보증금은 승계하니 받을 수 있습니다.",부동산 전세 보증금 사기관련 궁금한것이 있습니다._융자 계산해서 건물 매매가의 70% 이하의 전세금으로 계약해야 경매에 넘어갔을때 안전하다고 들었읍니다. 여기서 궁금한게 몇가지 있습니다.1. 매매가가 1억일때 융자가3천잡혀있으면 전세4천이하로 들어가면 안전한건가요?2. 보증금 보험은 어떤의미가 있나요? 만약 1억짜리집에 7천 전세로들어갔는데 대출이 4천이있다 하면 제돈천마넌이 날아간거잖아요? 이때 보험이 있으면 뭐가 바뀌나요?3. 보험이 없는상황이면 제가 어덯게 해야하나요?4. 보증금 내고 들어갈때 융자나 매매가 건물주 이름일치하나 확인하는것 말고도 보아야할것이 있나요?5. 집주인이 작정하고 보증금받고 건물팔면 못잡나요?한개씩 답변해주시면 채택해드릴게요 감사합니다
12085,2022-04,부동산 전세 보증금 사기관련 궁금한것이 있습니다.,융자 계산해서 건물 매매가의 70% 이하의 전세금으로 계약해야 경매에 넘어갔을때 안전하다고 들었읍니다. 여기서 궁금한게 몇가지 있습니다.1. 매매가가 1억일때 융자가3천잡혀있으면 전세4천이하로 들어가면 안전한건가요?2. 보증금 보험은 어떤의미가 있나요? 만약 1억짜리집에 7천 전세로들어갔는데 대출이 4천이있다 하면 제돈천마넌이 날아간거잖아요? 이때 보험이 있으면 뭐가 바뀌나요?3. 보험이 없는상황이면 제가 어덯게 해야하나요?4. 보증금 내고 들어갈때 융자나 매매가 건물주 이름일치하나 확인하는것 말고도 보아야할것이 있나요?5. 집주인이 작정하고 보증금받고 건물팔면 못잡나요?한개씩 답변해주시면 채택해드릴게요 감사합니다,<답변없음>,부동산 전세 보증금 사기관련 궁금한것이 있습니다._융자 계산해서 건물 매매가의 70% 이하의 전세금으로 계약해야 경매에 넘어갔을때 안전하다고 들었읍니다. 여기서 궁금한게 몇가지 있습니다.1. 매매가가 1억일때 융자가3천잡혀있으면 전세4천이하로 들어가면 안전한건가요?2. 보증금 보험은 어떤의미가 있나요? 만약 1억짜리집에 7천 전세로들어갔는데 대출이 4천이있다 하면 제돈천마넌이 날아간거잖아요? 이때 보험이 있으면 뭐가 바뀌나요?3. 보험이 없는상황이면 제가 어덯게 해야하나요?4. 보증금 내고 들어갈때 융자나 매매가 건물주 이름일치하나 확인하는것 말고도 보아야할것이 있나요?5. 집주인이 작정하고 보증금받고 건물팔면 못잡나요?한개씩 답변해주시면 채택해드릴게요 감사합니다
39057,2022-04,부동산 전세 보증금 사기관련 궁금한것이 있습니다.,융자 계산해서 건물 매매가의 70% 이하의 전세금으로 계약해야 경매에 넘어갔을때 안전하다고 들었읍니다. 여기서 궁금한게 몇가지 있습니다.1. 매매가가 1억일때 융자가3천잡혀있으면 전세4천이하로 들어가면 안전한건가요?2. 보증금 보험은 어떤의미가 있나요? 만약 1억짜리집에 7천 전세로들어갔는데 대출이 4천이있다 하면 제돈천마넌이 날아간거잖아요? 이때 보험이 있으면 뭐가 바뀌나요?3. 보험이 없는상황이면 제가 어덯게 해야하나요?4. 보증금 내고 들어갈때 융자나 매매가 건물주 이름일치하나 확인하는것 말고도 보아야할것이 있나요?5. 집주인이 작정하고 보증금받고 건물팔면 못잡나요?한개씩 답변해주시면 채택해드릴게요 감사합니다,"1. 매매가가 1억일때 융자가3천잡혀있으면 전세4천이하로 들어가면 안전한건가요?<답변> 70% 이하이면 안전하다고 볼 수 있습니다.70%보다 더 낮게 낙찰될 수는 있지만 보통은 70% 정도로는 낙찰 됩니다.??2. 보증금 보험은 어떤의미가 있나요? 만약 1억짜리집에 7천 전세로들어갔는데 대출이 4천이있다 하면 제돈천마넌이 날아간거잖아요? 이때 보험이 있으면 뭐가 바뀌나요?<답변> 맞습니다.이미 근저당이 4천 있다면 7천이면 3천 정도는 못받을 가능성이 높습니다.??3. 보험이 없는상황이면 제가 어덯게 해야하나요?<답변> 감액을 하거나 안전하게 보증금을 4천 정도로 맞추는게 좋습니다.나머지는 월세로 내야 합니다.??4. 보증금 내고 들어갈때 융자나 매매가 건물주 이름일치하나 확인하는것 말고도 보아야할것이 있나요?<답변> 집 소유자, 근저당 등을 봤다면 다른 것은 누수, 결로, 보일러 등의 하자 여부만 확인하면 됩니다.??5. 집주인이 작정하고 보증금받고 건물팔면 못잡나요?<답변> 보증금 못받는 것은 아닙니다.새로운 집주인이 보증금은 승계하니 받을 수 있습니다.",부동산 전세 보증금 사기관련 궁금한것이 있습니다._융자 계산해서 건물 매매가의 70% 이하의 전세금으로 계약해야 경매에 넘어갔을때 안전하다고 들었읍니다. 여기서 궁금한게 몇가지 있습니다.1. 매매가가 1억일때 융자가3천잡혀있으면 전세4천이하로 들어가면 안전한건가요?2. 보증금 보험은 어떤의미가 있나요? 만약 1억짜리집에 7천 전세로들어갔는데 대출이 4천이있다 하면 제돈천마넌이 날아간거잖아요? 이때 보험이 있으면 뭐가 바뀌나요?3. 보험이 없는상황이면 제가 어덯게 해야하나요?4. 보증금 내고 들어갈때 융자나 매매가 건물주 이름일치하나 확인하는것 말고도 보아야할것이 있나요?5. 집주인이 작정하고 보증금받고 건물팔면 못잡나요?한개씩 답변해주시면 채택해드릴게요 감사합니다
630,2020-02,은행에서 막 아무집이나 대출을 해줄것같지는 않은데.일단 전세자금대출이 나온다는 것은 큰 위험은 없다고 봐도 되는것인지요,은행에서 막 아무집이나 대출을 해줄것같지는 않은데.일단 전세자금대출이 나온다는 것은 큰 위험은 없다고 봐도 되는것인지요,바보아저씨 경제이야기 - 전세대출 은행에서 막 해주나요?​망할 것 같은 집은 전세대출 안 해줍니다.​그래서 전세대출이 꿩먹고 알먹고 에요.- 전세대출 개꿀 + 은행원이 안전한지 봐줌 (일석이조 개꿀)​고민 끝.,은행에서 막 아무집이나 대출을 해줄것같지는 않은데.일단 전세자금대출이 나온다는 것은 큰 위험은 없다고 봐도 되는것인지요_은행에서 막 아무집이나 대출을 해줄것같지는 않은데.일단 전세자금대출이 나온다는 것은 큰 위험은 없다고 봐도 되는것인지요
20745,2020-06,전세계약 궁금 한것들 질문이요!,"제가 6.23일 전세계약을했습니다.처음 전세 계약을 해본거라 궁금한게 많아서 질문 드립니다입주날짜는 7.17일 좀 빠르게 진행됐습니다. 현재 살고있는 사람은 집주인이며 제가 이사들어간 후에 다른 매수인에게 매도한다고합니다. 이유는 매수하려는 사람이 법인회사라고하네요법인은 안심전세대출이 안돼서 제가 안심전세대출을 받고 그리고 매수인한테 매도한다합니다. 이 같은 경우 저는 보증보험을 가입했기 때문에 안전하겠지요? 법인은 세입자 찾기 어렵다던데 그럼 저는 퇴거할때 세입자가 없으면 보증보험 가입된거로 받아야하나요?또 대출상담사분이 부동산에서 자서 쓰고 계약서 원본 가져가셨는데 원래 은행보관이 맞지요? 저 이사하는 날 확정일자까지 받고 확정일자받은거 복사본을 준다는데 그게 맞는건지 궁금하네요 인터넷보니까 전입신고 ,확정일자가 중요하다는데 왜 은행 대출 상담사분이 해주시는지 궁금합니다 모든게 맞다면 저는 17일 이사하고 주민센터가서 전입신고만 하면 되나요?티비 언론이나 주위에서 전세사기 등..얘기 들은게 살벌하고모른게많아 걱정이 좀 많네요 도와주세요!","법적인 원칙은 다음 세입자가 구해지지 않아도 계약이 종료되면 무조건 보증금을 반환 받을 수 있습니다.제때에 돌려주지 않으면 법적인 조치와 지연이지나 손해비용을 청구할 수 있습니다.보증보험에 가입이 되었다면 임대인이 어떤 사정에 의해 전세금을 반환하지 않을 경우는, 보험회사에 청구해서 전세금을 돌려 받을 수 있습니다.단, 이때는 계약이 종료된 이후 1개월이 지나야 신청이 가능합니다.​확정일자를 받은 계약서는 사본을 가지고 있어도 크게 문제가 되지 않습니다.확정일자는 주민센터에서 등록하는 순간에 전산에 등록되어 있고, 계약서의 원본 1부는 중개사무소에 5년간 의무적으로 보관되므로 문제될 것이 없습니다.​전입신고의 효력은 신고 다음날 0시에 발생합니다.전입신고는 이사하는 날에 하거나 가능하다면 전날에 하시는 것이 좋습니다.​​​​","전세계약 궁금 한것들 질문이요!_제가 6.23일 전세계약을했습니다.처음 전세 계약을 해본거라 궁금한게 많아서 질문 드립니다입주날짜는 7.17일 좀 빠르게 진행됐습니다. 현재 살고있는 사람은 집주인이며 제가 이사들어간 후에 다른 매수인에게 매도한다고합니다. 이유는 매수하려는 사람이 법인회사라고하네요법인은 안심전세대출이 안돼서 제가 안심전세대출을 받고 그리고 매수인한테 매도한다합니다. 이 같은 경우 저는 보증보험을 가입했기 때문에 안전하겠지요? 법인은 세입자 찾기 어렵다던데 그럼 저는 퇴거할때 세입자가 없으면 보증보험 가입된거로 받아야하나요?또 대출상담사분이 부동산에서 자서 쓰고 계약서 원본 가져가셨는데 원래 은행보관이 맞지요? 저 이사하는 날 확정일자까지 받고 확정일자받은거 복사본을 준다는데 그게 맞는건지 궁금하네요 인터넷보니까 전입신고 ,확정일자가 중요하다는데 왜 은행 대출 상담사분이 해주시는지 궁금합니다 모든게 맞다면 저는 17일 이사하고 주민센터가서 전입신고만 하면 되나요?티비 언론이나 주위에서 전세사기 등..얘기 들은게 살벌하고모른게많아 걱정이 좀 많네요 도와주세요!"
